KUNNR,KTOKD,STKZN,NAME1,NAME2,STCD1,STCD2,GBDAT,LAND1,REGIO,ORT01,STRAS,TELF1,SMTP_ADDR,CTLPC,ZZ_CONTRATOS,ZZ_SERVICIOS,BPROL,ZZ_CATEGORIA,ZZ_BENEFICIARIO_DE,LOEVM,ERDAT,AEDAT
0000300001,ZPER,X,Jorge Alberto,Barrios Jaramillo,,991346132,1999-06-11,CO,BOG,11001,Carrera 39 Bis O # 49-3 Sur,3156612238,JORGE.MORALES44@EJEMPLO.TEST,003,CR-00001:ZCRE:A,,ZAFI,,,,2024-03-01,2026-09-01
0000300002,ZPER,X,Jhoana Maritza,Hernández Hernández,,988846128,1998-07-20,CO,VAL,76001,Cl. 49 # 39-52 Sur,3035365162,JHOANA.RAMÍREZ46@EJEMPLO.TEST,001,CR-00002:ZCRE:A,,ZAFI,,,,2024-03-01,2026-09-01
0000300003,ZPER,X,Edwin Roberto,Montoya Riascos,,957895880,1997-08-16,CO,CUN,25286,Calle 170 # 47-29 Este,3310414103,EDWIN.GIRALDO49@EJEMPLO.TEST,003,CR-00003:ZCRE:A,,ZAFI,,,,2024-03-01,2026-09-01
0000300004,ZPER,X,Adrián Luis,Ocampo Reyes,,945311457,1987-02-16,CO,ANT,05001,Cr. 161 # 15X-7 Sur,3034305632,ADRIÁN.GIL50@EJEMPLO.TEST,002,CR-00004:ZCRE:A,,ZAFI,,,,2024-03-01,2026-09-01
0000300005,ZPER,X,Jorge,Oviedo Betancur,,951233887,1993-01-03,CO,CUN,25754,Cl. 2C # 83-7 Este,3340457442,JORGE.RODRÍGUEZ52@EJEMPLO.TEST,002,CR-00005:ZCRE:A,,ZAFI,,,,2024-03-01,2026-09-01
0000300006,ZPER,X,Didier Harvey,Arévalo Palacios,,947361453,1961-07-17,CO,CUN,25286,Calle 76 # 49-50 Sur,3365743837,DIDIER.SANTOS58@EJEMPLO.TEST,001,CR-00006:ZCRE:A,,ZAFI,,,,2024-03-01,2026-09-01
0000300007,ZPER,X,María María,Romero Velásquez,,940734828,1970-04-28,CO,BOG,11001,Dg. 116 # 5-11 Sur,3261127761,MARÍA.OCHOA64@EJEMPLO.TEST,002,CR-00007:ZCRE:A,,ZAFI,,,,2024-03-01,2026-09-01
0000300008,ZPER,X,Lucy Victoria,Benavides Vargas,,981174622,1955-12-14,CO,BOG,11001,Dg. 11 # 7-4,3477412460,LUCY.SOLANO70@EJEMPLO.TEST,003,CR-00008:ZCRE:A,,ZAFI,,,,2024-03-01,2026-09-01
0000300009,ZPER,X,Yasmín Ligia,Osorio Pérez,,918796357,1996-03-13,CO,VAL,76001,Cl. 46 # 66K-66 Sur,3057219086,YASMÍN.ANAYA73@EJEMPLO.TEST,002,CR-00009:ZCRE:A,,ZAFI,,,,2024-03-01,2026-09-01
0000300010,ZPER,X,Dario,Cuéllar Rueda,,956371647,1950-06-25,CO,BOG,11001,Dg. 20 # 5-67 Este,3435272628,DARIO.BEJARANO74@EJEMPLO.TEST,002,CR-00010:ZCRE:A,,ZAFI,,,,2024-03-01,2026-09-01
0000300011,ZPER,X,Isabel Martha,López Camacho,,989277626,1949-09-24,CO,CUN,25754,Diagonal 96 # 7-29,3190226834,ISABEL.ORTIZ79@EJEMPLO.TEST,001,CR-00011:ZCRE:A,,ZAFI,,,,2024-03-01,2026-09-01
0000300012,ZPER,X,Alejandro Daniel,Vásquez Herrera,,929225726,1993-05-02,CO,CUN,25754,Calle 81 # 30-27 Este,3364496551,ALEJANDRO.ORTEGA80@EJEMPLO.TEST,002,CR-00012:ZCRE:A,,ZAFI,,,,2024-03-01,2026-09-01
0000300013,ZPER,X,Christian,Espitia Castro,,918091439,1953-08-09,CO,BOG,11001,Av. Jorge Alfonso Rojas Cárdenas # 5-72 Sur,3218143013,CHRISTIAN.BERMÚDEZ82@EJEMPLO.TEST,002,CR-00013:ZCRE:A,,ZAFI,,,,2024-03-01,2026-09-01
0000300014,ZPER,X,Sandra,Rojas Zuluaga,,987844735,2003-08-26,CO,CUN,25754,Carrera 34R Bis U # 66-20 Sur,3013404301,SANDRA.RAMÍREZ86@EJEMPLO.TEST,001,CR-00014:ZCRE:A,,ZAFI,,,,2024-03-01,2026-09-01
0000300015,ZPER,X,Alonso Eduardo,González Ramírez,,967923589,1987-03-22,CO,CUN,25754,Cl. 110 Bis O # 53-2 Este,3094165212,ALONSO.MARÍN92@EJEMPLO.TEST,003,CR-00015:ZCRE:A,,ZAFI,,,,2024-03-01,2026-09-01
0000300016,ZPER,X,Andrés,Márquez Suárez,,995819304,1973-01-30,CO,ANT,05001,Calle 179Y # 56-3 Este,3426124505,ANDRÉS.DÍAZ93@EJEMPLO.TEST,003,CR-00016:ZCRE:A,,ZAFI,,,,2024-03-01,2026-09-01
0000300017,ZPER,X,Juan César,Patiño Díaz,,967245672,1967-05-03,CO,VAL,76001,Cr. 2ª # 72E-57 Sur,3334620271,JUAN.NARVÁEZ94@EJEMPLO.TEST,002,CR-00017:ZCRE:A,,ZAFI,,,,2024-03-01,2026-09-01
0000300018,ZPER,X,Yamile,Melo Córdoba,,915451528,1996-03-12,CO,BOG,11001,Carrera 124 # 20-3 Este,3113240972,YAMILE.PÉREZ96@EJEMPLO.TEST,002,CR-00018:ZCRE:A,,ZAFI,,,,2024-03-01,2026-09-01
0000300019,ZPER,X,Cecilia Juana,Caicedo Arboleda,,986536056,1995-03-28,CO,CUN,25754,Avenida Pinillos # 4R-19,3249618997,CECILIA.ARIAS98@EJEMPLO.TEST,002,CR-00019:ZCRE:A,,ZAFI,,,,2024-03-01,2026-09-01
0000300020,ZPER,X,Cecilia Inés,Contreras Mosquera,,980528104,1965-01-07,CO,VAL,76001,Calle 88 # 92-8 Este,3361572867,CECILIA.ACOSTA109@EJEMPLO.TEST,001,CR-00020:ZCRE:A,,ZAFI,,,,2024-03-01,2026-09-01
0000300021,ZPER,X,José Gilberto,Ocampo Toro,,963100070,1979-01-04,CO,VAL,76001,Carrera 132 # 23-23,3010247085,JOSÉ.RUIZ111@EJEMPLO.TEST,001,CR-00021:ZCRE:A,,ZAFI,,,,2024-03-01,2026-09-01
0000300022,ZPER,X,Iván Carlos,Serrano Medina,,983094344,1972-09-09,CO,BOG,11001,Cl. 84 # 36-5,3373421363,IVÁN.LARA114@EJEMPLO.TEST,001,CR-00022:ZCRE:A,,ZAFI,,,,2024-03-01,2026-09-01
0000300023,ZPER,X,Adolfo,Cruz Giraldo,,995754974,1954-05-30,CO,CUN,25286,Cr. 43Y # 89-20 Este,3366113075,ADOLFO.CALDERÓN117@EJEMPLO.TEST,002,CR-00023:ZCRE:A,,ZAFI,,,,2024-03-01,2026-09-01
0000300024,ZPER,X,Dayana,García Orozco,,917817503,1962-04-12,CO,CUN,25286,Cr. 75 # 36-21 Sur,3063525760,DAYANA.OSPINA118@EJEMPLO.TEST,002,CR-00024:ZCRE:A,,ZAFI,,,,2024-03-01,2026-09-01
0000300025,ZPER,X,Adolfo Luis,Gómez Sánchez,,915063987,1999-08-19,CO,VAL,76001,Tr. 90 Bis # 3-28 Sur,3484672634,ADOLFO.BEDOYA120@EJEMPLO.TEST,003,CR-00025:ZCRE:A,,ZAFI,,,,2024-03-01,2026-09-01
0000300026,ZPER,X,Alfredo,Bohórquez Díaz,,974995556,1956-08-12,CO,CUN,25754,Cr. 68 # 81-9,3447507571,ALFREDO.MEDINA121@EJEMPLO.TEST,003,CR-00026:ZCRE:A,,ZAFI,,,,2024-03-01,2026-09-01
0000300027,ZPER,X,Patricia,Álvarez Olaya,,970194250,1958-09-28,CO,CUN,25754,Avenida calle 46 # 68-7,3460631656,PATRICIA.VARGAS122@EJEMPLO.TEST,003,CR-00027:ZCRE:A,,ZAFI,,,,2024-03-01,2026-09-01
0000300028,ZPER,X,Libia,Vergara Ramírez,,925364807,1978-03-05,CO,ANT,05001,Calle 166D # 6-29,3365859326,LIBIA.QUINTERO123@EJEMPLO.TEST,003,CR-00028:ZCRE:A,,ZAFI,,,,2024-03-01,2026-09-01
0000300029,ZPER,X,Carlos Elkin,Castañeda Rincón,,943030012,1985-11-03,CO,CUN,25286,Calle 164Q # 9-73 Sur,3286326557,CARLOS.JIMÉNEZ125@EJEMPLO.TEST,001,CR-00029:ZCRE:A,,ZAFI,,,,2024-03-01,2026-09-01
0000300030,ZPER,X,Teresa Isabel,Marín Bastidas,,971802857,2007-10-09,CO,CUN,25754,Cr. 3ª # 93-4,3292622333,TERESA.VELÁSQUEZ126@EJEMPLO.TEST,003,CR-00030:ZCRE:A,,ZAFI,,,,2024-03-01,2026-09-01
0000300031,ZPER,X,José,Gonzáles Molina,,921744097,1973-01-09,CO,BOG,11001,Av. calle 2ª # 35H-7 Este,3243900748,JOSÉ.CASTRO127@EJEMPLO.TEST,001,CR-00031:ZCRE:A,,ZAFI,,,,2024-03-01,2026-09-01
0000300032,ZPER,X,Karen,Reyes Quintero,,960712806,1956-12-25,CO,VAL,76001,Calle 196 # 67-1 Sur,3040971587,KAREN.MUÑOZ128@EJEMPLO.TEST,002,CR-00032:ZCRE:A,,ZAFI,,,,2024-03-01,2026-09-01
0000300033,ZPER,X,Nelly,Rojas Zambrano,,963687546,2002-01-25,CO,VAL,76001,Carrera 5S Bis N # 80O-3,3174937242,NELLY.SÁNCHEZ130@EJEMPLO.TEST,003,CR-00033:ZCRE:A,,ZAFI,,,,2024-03-01,2026-09-01
0000300034,ZPER,X,Paola,Sánchez Rincón,,938819809,1952-05-11,CO,ANT,05001,Cr. 126 # 30O-60 Este,3271071198,PAOLA.SUÁREZ133@EJEMPLO.TEST,003,CR-00034:ZCRE:A,,ZAFI,,,,2024-03-01,2026-09-01
0000300035,ZPER,X,Lina Esther,Chávez Flórez,,966630588,1986-10-27,CO,CUN,25286,Tr. 9ª # 33X-1 Este,3324458432,LINA.SILVA135@EJEMPLO.TEST,003,CR-00035:ZCRE:A,,ZAFI,,,,2024-03-01,2026-09-01
0000300036,ZPER,X,Samir Mauricio,Díaz Vallejo,,982194037,1983-12-22,CO,CUN,25754,Diagonal 6U Bis U # 5-1 Este,3395644640,SAMIR.MORALES140@EJEMPLO.TEST,001,CR-00036:ZCRE:A,,ZAFI,,,,2024-03-01,2026-09-01
0000300037,ZPER,X,Rafael Jefferson,Mesa González,,944204679,1964-01-09,CO,CUN,25286,Cr. 2ª # 4-45 Sur,3086900707,RAFAEL.BRAVO143@EJEMPLO.TEST,003,CR-00037:ZCRE:A,,ZAFI,,,,2024-03-01,2026-09-01
0000300038,ZPER,X,Mauricio,García López,,921273840,2003-12-24,CO,VAL,76001,Diagonal 55 # 28C-30 Sur,3088293802,MAURICIO.MEJÍA144@EJEMPLO.TEST,001,CR-00038:ZCRE:A,,ZAFI,,,,2024-03-01,2026-09-01
0000300039,ZPER,X,Ruth,Peña Ramírez,,935344342,1966-09-05,CO,CUN,25286,Avenida carrera 8ª # 9-50 Sur,3082110647,RUTH.ARDILA146@EJEMPLO.TEST,002,CR-00039:ZCRE:A,,ZAFI,,,,2024-03-01,2026-09-01
0000300040,ZPER,X,Diego Edwin,Rodríguez García,,961431858,1962-04-27,CO,BOG,11001,Calle 48 # 3-12 Sur,3037165873,DIEGO.SALCEDO149@EJEMPLO.TEST,003,CR-00040:ZCRE:A,,ZAFI,,,,2024-03-01,2026-09-01
0000300041,ZPER,X,María,Ávila Ávila,,983551473,1942-06-30,CO,ANT,05001,Cr. 5Z # 50-41 Este,3162654753,MARÍA.MORENO153@EJEMPLO.TEST,003,CR-00041:ZCRE:A,,ZAFI,,,,2024-03-01,2026-09-01
0000300042,ZPER,X,Ernesto,González Guerrero,,967336736,1997-05-22,CO,CUN,25754,Calle 182 # 2-5,3257377906,ERNESTO.MEJÍA154@EJEMPLO.TEST,001,CR-00042:ZCRE:A,,ZAFI,,,,2024-03-01,2026-09-01
0000300043,ZPER,X,Luis Orlando,Trujillo Estrada,,982920366,2007-08-14,CO,ANT,05001,Tr. 170 # 15-4,3495108764,LUIS.CASTAÑO157@EJEMPLO.TEST,002,CR-00043:ZCRE:A,,ZAFI,,,,2024-03-01,2026-09-01
0000300044,ZPER,X,Jhoan Andrés,Rivera Sánchez,,987780195,1966-08-16,CO,VAL,76001,Tr. 199 # 40-43 Sur,3110144874,JHOAN.OCAMPO160@EJEMPLO.TEST,003,CR-00044:ZCRE:A,,ZAFI,,,,2024-03-01,2026-09-01
0000300045,ZPER,X,Matilde Lizeth,Rincón Barragán,,959709457,1961-12-21,CO,CUN,25286,Cr. 87 # 6-23 Sur,3483983588,MATILDE.VALDERRAMA165@EJEMPLO.TEST,002,CR-00045:ZCRE:A,,ZAFI,,,,2024-03-01,2026-09-01
0000300046,ZPER,X,Omar,Amaya Serrano,,990037227,1980-10-29,CO,ANT,05001,Av. carrera 94 # 6-5 Sur,3477009281,OMAR.ARIZA168@EJEMPLO.TEST,001,CR-00046:ZCRE:A,,ZAFI,,,,2024-03-01,2026-09-01
0000300047,ZPER,X,Víctor Juan,Pérez Ruiz,,958842171,2003-11-01,CO,CUN,25754,Tr. 5ª # 3-64 Este,3465519821,VÍCTOR.MARTÍNEZ177@EJEMPLO.TEST,001,CR-00047:ZCRE:A,,ZAFI,,,,2024-03-01,2026-09-01
0000300048,ZPER,X,Paola Gloria,Peña Gaviria,,970402733,1960-06-09,CO,VAL,76001,Av. calle 174 # 3-41,3426996190,PAOLA.NARVÁEZ178@EJEMPLO.TEST,001,CR-00048:ZCRE:A,,ZAFI,,,,2024-03-01,2026-09-01
0000300049,ZPER,X,Eduardo,Parra González,,969630509,1991-10-07,CO,VAL,76001,Carrera 69M Sur # 3C-48,3065624758,EDUARDO.MONTOYA182@EJEMPLO.TEST,003,CR-00049:ZCRE:A,,ZAFI,,,,2024-03-01,2026-09-01
0000300050,ZPER,X,Angie,Londoño Becerra,,982291656,1949-01-12,CO,CUN,25286,Av. calle 1ª # 4-35 Este,3098481316,ANGIE.RUBIO183@EJEMPLO.TEST,001,CR-00050:ZCRE:A,,ZAFI,,,,2024-03-01,2026-09-01
0000300051,ZPER,X,Daniela Sofía,Bustamante Castillo,,999184369,2003-12-15,CO,BOG,11001,Cl. 2V # 89-5 Sur,3343456589,DANIELA.ORJUELA185@EJEMPLO.TEST,003,CR-00051:ZCRE:A,,ZAFI,,,,2024-03-01,2026-09-01
0000300052,ZPER,X,Alexander Javier,Jiménez Gil,,932726945,1971-02-11,CO,CUN,25754,Avenida Yury Pérez Hoyos # 61-81 Este,3232817392,ALEXANDER.GUZMÁN186@EJEMPLO.TEST,002,CR-00052:ZCRE:A,,ZAFI,,,,2024-03-01,2026-09-01
0000300053,ZPER,X,Javier,Alzate Jaramillo,,928730417,1958-06-06,CO,ANT,05001,Av. calle 61 # 9-5 Este,3122844125,JAVIER.RÍOS188@EJEMPLO.TEST,002,CR-00053:ZCRE:A,,ZAFI,,,,2024-03-01,2026-09-01
0000300054,ZPER,X,Laura,Andrade Sánchez,,997206960,1950-03-17,CO,ANT,05001,Cl. 172T Sur # 3Q-8,3039441500,LAURA.VÁSQUEZ190@EJEMPLO.TEST,003,CR-00054:ZCRE:A,,ZAFI,,,,2024-03-01,2026-09-01
0000300055,ZPER,X,Rafael,Mejía García,,920803048,2001-01-25,CO,CUN,25754,Carrera 97O # 34-31 Este,3457776454,RAFAEL.TORRES191@EJEMPLO.TEST,001,CR-00055:ZCRE:A,,ZAFI,,,,2024-03-01,2026-09-01
0000300056,ZPER,X,Alexandra Mayerly,Mendoza Posada,,928238050,1958-05-13,CO,VAL,76001,Carrera 3ª # 7-9,3438079878,ALEXANDRA.MUÑOZ201@EJEMPLO.TEST,002,CR-00056:ZCRE:A,,ZAFI,,,,2024-03-01,2026-09-01
0000300057,ZPER,X,Eugenia,Gutiérrez Guerra,,914062142,1953-11-03,CO,BOG,11001,Calle 93 # 30-1 Sur,3371682907,EUGENIA.VELÁSQUEZ209@EJEMPLO.TEST,001,CR-00057:ZCRE:A,,ZAFI,,,,2024-03-01,2026-09-01
0000300058,ZPER,X,Judith Lucía,Villegas López,,944664189,1945-07-07,CO,BOG,11001,Dg. 66 Este # 50-21 Sur,3084599796,JUDITH.PEREA212@EJEMPLO.TEST,001,CR-00058:ZCRE:A,,ZAFI,,,,2024-03-01,2026-09-01
0000300059,ZPER,X,María,Cárdenas López,,950469478,2001-06-23,CO,CUN,25286,Cr. 8 Bis # 91U-42 Este,3365401806,MARÍA.VELASCO217@EJEMPLO.TEST,001,CR-00059:ZCRE:A,,ZAFI,,,,2024-03-01,2026-09-01
0000300060,ZPER,X,David David,Córdoba Herrera,,961184132,1956-01-06,CO,VAL,76001,Cr. 2ª # 2H-74 Este,3480333989,DAVID.BONILLA219@EJEMPLO.TEST,003,CR-00060:ZCRE:A,,ZAFI,,,,2024-03-01,2026-09-01
0000300061,ZPER,X,Nohora,Moreno Hernández,,930420376,1941-08-06,CO,CUN,25754,Tr. 1N # 2V-4 Sur,3074461751,NOHORA.RAMÍREZ221@EJEMPLO.TEST,002,CR-00061:ZCRE:A,,ZAFI,,,,2024-03-01,2026-09-01
0000300062,ZPER,X,Natalia Ester,Gaitán Pedraza,,925692377,1972-02-10,CO,CUN,25754,Diagonal 2ª # 99-48 Este,3369134988,NATALIA.ORTEGA222@EJEMPLO.TEST,002,CR-00062:ZCRE:A,,ZAFI,,,,2024-03-01,2026-09-01
0000300063,ZPER,X,Luis Giovanny,Jiménez González,,948454556,2000-04-12,CO,BOG,11001,Carrera 124V # 4H-45,3284775669,LUIS.ARIAS226@EJEMPLO.TEST,003,CR-00063:ZCRE:A,,ZAFI,,,,2024-03-01,2026-09-01
0000300064,ZPER,X,Sara,Garcés Vera,,962172140,1997-05-24,CO,CUN,25754,Calle 90 # 59K-9 Sur,3245282897,SARA.RODRÍGUEZ234@EJEMPLO.TEST,003,CR-00064:ZCRE:A,,ZAFI,,,,2024-03-01,2026-09-01
0000300065,ZPER,X,Fernando Hernando,López Ochoa,,925117209,1997-06-28,CO,BOG,11001,Calle 190K Bis S # 1-32,3168432747,FERNANDO.BERMÚDEZ235@EJEMPLO.TEST,003,CR-00065:ZCRE:A,,ZAFI,,,,2024-03-01,2026-09-01
0000300066,ZPER,X,Julián Wilson,Caro González,,936420477,1940-11-11,CO,VAL,76001,Carrera 7ª # 42-1 Sur,3128485572,JULIÁN.PACHECO240@EJEMPLO.TEST,002,CR-00066:ZCRE:A,,ZAFI,,,,2024-03-01,2026-09-01
0000300067,ZPER,X,Adriana Nelly,Pinzón Acosta,,955034358,2006-02-13,CO,VAL,76001,Calle 91H # 39-6,3021633933,ADRIANA.RODRÍGUEZ241@EJEMPLO.TEST,002,CR-00067:ZCRE:A,,ZAFI,,,,2024-03-01,2026-09-01
0000300068,ZPER,X,Vanessa Lucía,Salas Torres,,973372471,1986-08-25,CO,ANT,05001,Av. carrera 3ª # 65-7 Sur,3380078278,VANESSA.SOTO244@EJEMPLO.TEST,001,CR-00068:ZCRE:A,,ZAFI,,,,2024-03-01,2026-09-01
0000300069,ZPER,X,Néstor Mateo,Murillo López,,925257223,2001-05-23,CO,ANT,05001,Carrera 171 # 4-4,3359416463,NÉSTOR.OJEDA245@EJEMPLO.TEST,002,CR-00069:ZCRE:A,,ZAFI,,,,2024-03-01,2026-09-01
0000300070,ZPER,X,Dario David,Rodríguez Rosero,,921993237,1989-10-11,CO,VAL,76001,Cr. 83 # 2-18 Sur,3346990314,DARIO.MONTES251@EJEMPLO.TEST,001,CR-00070:ZCRE:A,,ZAFI,,,,2024-03-01,2026-09-01
0000300071,ZPER,X,Francy,Ordóñez Gallego,,936472220,1978-03-01,CO,CUN,25286,Cl. 9ª # 51-55 Este,3028654871,FRANCY.CASTRO252@EJEMPLO.TEST,003,CR-00071:ZCRE:A,,ZAFI,,,,2024-03-01,2026-09-01
0000300072,ZPER,X,Valentina Cecilia,Moreno Córdoba,,944254878,1990-12-05,CO,ANT,05001,Calle 136 # 86-67 Sur,3386966358,VALENTINA.SARMIENTO256@EJEMPLO.TEST,002,CR-00072:ZCRE:A,,ZAFI,,,,2024-03-01,2026-09-01
0000300073,ZPER,X,Shirley María,Figueroa Beltrán,,976272984,1967-09-03,CO,ANT,05001,Cr. 8 Bis I # 9-19,3181296437,SHIRLEY.GONZÁLEZ257@EJEMPLO.TEST,003,CR-00073:ZCRE:A,,ZAFI,,,,2024-03-01,2026-09-01
0000300074,ZPER,X,Doris Olga,Hurtado García,,931257051,1987-08-23,CO,CUN,25286,Av. calle 15 # 3-5,3373430240,DORIS.MORA258@EJEMPLO.TEST,002,CR-00074:ZCRE:A,,ZAFI,,,,2024-03-01,2026-09-01
0000300075,ZPER,X,María Alicia,Murillo Ruiz,,973385534,1992-07-25,CO,CUN,25286,Cl. 166X # 80-29,3070915601,MARÍA.NARVÁEZ262@EJEMPLO.TEST,001,CR-00075:ZCRE:A,,ZAFI,,,,2024-03-01,2026-09-01
0000300076,ZPER,X,María,Vanegas Gutiérrez,,988391290,1941-01-07,CO,CUN,25286,Carrera 91 # 6-87,3070597328,MARÍA.GALINDO263@EJEMPLO.TEST,003,CR-00076:ZCRE:A,,ZAFI,,,,2024-03-01,2026-09-01
0000300077,ZPER,X,Alfonso,Nieto Rodríguez,,945923440,1975-09-08,CO,ANT,05001,Cr. 174P # 5R-6 Este,3039279409,ALFONSO.OCHOA267@EJEMPLO.TEST,003,CR-00077:ZCRE:A,,ZAFI,,,,2024-03-01,2026-09-01
0000300078,ZPER,X,Andrés,Agudelo Benítez,,981558079,1953-10-02,CO,ANT,05001,Cl. 130S Sur # 21-88 Este,3217675326,ANDRÉS.MEZA269@EJEMPLO.TEST,003,CR-00078:ZCRE:A,,ZAFI,,,,2024-03-01,2026-09-01
0000300079,ZPER,X,Julieth,Arias Morales,,982582902,1984-01-01,CO,CUN,25286,Dg. 122 # 9-6,3116790535,JULIETH.LUNA281@EJEMPLO.TEST,002,CR-00079:ZCRE:A,,ZAFI,,,,2024-03-01,2026-09-01
0000300080,ZPER,X,Paola María,Álvarez Hernández,,937164022,1943-08-06,CO,ANT,05001,Avenida carrera 45 # 71-6 Sur,3212805222,PAOLA.GIL287@EJEMPLO.TEST,001,CR-00080:ZCRE:A,,ZAFI,,,,2024-03-01,2026-09-01
0000300081,ZPER,X,William,Restrepo Silva,,956772301,1941-12-26,CO,ANT,05001,Calle 98R # 1-2 Este,3257006594,WILLIAM.MONTES288@EJEMPLO.TEST,002,CR-00081:ZCRE:A,,ZAFI,,,,2024-03-01,2026-09-01
0000300082,ZPER,X,Elena,Rojas Bustamante,,946994768,1949-12-09,CO,CUN,25754,Dg. 8ª # 9-4,3240103939,ELENA.MÁRQUEZ289@EJEMPLO.TEST,001,CR-00082:ZCRE:A,,ZAFI,,,,2024-03-01,2026-09-01
0000300083,ZPER,X,Alexander,Mercado Vásquez,,920386299,1997-07-08,CO,ANT,05001,Calle 184 # 2-8 Sur,3171122672,ALEXANDER.VALENCIA291@EJEMPLO.TEST,002,CR-00083:ZCRE:A,,ZAFI,,,,2024-03-01,2026-09-01
0000300084,ZPER,X,Diana Candelaria,Quintero Guerrero,,964354844,1988-02-28,CO,VAL,76001,Carrera 1ª # 7-4,3316879465,DIANA.BERMÚDEZ293@EJEMPLO.TEST,003,CR-00084:ZCRE:A,,ZAFI,,,,2024-03-01,2026-09-01
0000300085,ZPER,X,Xiomara,Jaramillo Rojas,,916045097,1998-12-07,CO,ANT,05001,Cl. 45 # 42-7 Sur,3485456554,XIOMARA.FUENTES294@EJEMPLO.TEST,002,CR-00085:ZCRE:A,,ZAFI,,,,2024-03-01,2026-09-01
0000300086,ZPER,X,Jhon David,González Cardona,,950616156,1954-03-10,CO,ANT,05001,Avenida carrera 8ª # 1-4 Este,3310471555,JHON.TORRES296@EJEMPLO.TEST,003,CR-00086:ZCRE:A,,ZAFI,,,,2024-03-01,2026-09-01
0000300087,ZPER,X,María María,Gutiérrez Trujillo,,984545834,1970-03-13,CO,VAL,76001,Cl. 50D # 69-75 Sur,3132759013,MARÍA.GARCÍA299@EJEMPLO.TEST,002,CR-00087:ZCRE:A,,ZAFI,,,,2024-03-01,2026-09-01
0000300088,ZPER,X,Óscar Fernando,Zambrano Ardila,,998998098,1977-09-06,CO,CUN,25286,Cr. 75 # 65-7 Este,3347761884,ÓSCAR.SOLANO301@EJEMPLO.TEST,003,CR-00088:ZCRE:A,,ZAFI,,,,2024-03-01,2026-09-01
0000300089,ZPER,X,Milena,Hoyos Pérez,,946992358,1997-03-18,CO,VAL,76001,Carrera 46U # 56-3,3454702610,MILENA.HERNÁNDEZ303@EJEMPLO.TEST,001,CR-00089:ZCRE:A,,ZAFI,,,,2024-03-01,2026-09-01
0000300090,ZPER,X,Yasmín,Fuentes Prada,,979254625,1941-07-21,CO,BOG,11001,Carrera 78 # 6-7 Este,3382666246,YASMÍN.SOLANO307@EJEMPLO.TEST,001,CR-00090:ZCRE:A,,ZAFI,,,,2024-03-01,2026-09-01
0000300091,ZPER,X,Giovanny,Pérez Lozano,,937149129,1965-10-17,CO,BOG,11001,Carrera 6ª # 1-7,3365833986,GIOVANNY.GONZÁLEZ311@EJEMPLO.TEST,003,CR-00091:ZCRE:A,,ZAFI,,,,2024-03-01,2026-09-01
0000300092,ZPER,X,Sandra Julia,González Torres,,952586092,2005-06-12,CO,BOG,11001,Tr. 22W # 10-56 Sur,3373027271,SANDRA.CHAPARRO315@EJEMPLO.TEST,002,CR-00092:ZCRE:A,,ZAFI,,,,2024-03-01,2026-09-01
0000300093,ZPER,X,María Eliana,Quiroga Obando,,923424046,1983-01-30,CO,CUN,25754,Carrera 120O # 68Z-3 Sur,3020763635,MARÍA.VERA318@EJEMPLO.TEST,003,CR-00093:ZCRE:A,,ZAFI,,,,2024-03-01,2026-09-01
0000300094,ZPER,X,José,Caicedo Ramos,,942849986,1942-03-27,CO,VAL,76001,Calle 108V # 2-90,3125081056,JOSÉ.GAMBOA321@EJEMPLO.TEST,003,CR-00094:ZCRE:A,,ZAFI,,,,2024-03-01,2026-09-01
0000300095,ZPER,X,Silvia,Toro Romero,,968786420,1999-08-02,CO,VAL,76001,Avenida Macanal # 34-36 Este,3280553309,SILVIA.GUERRERO322@EJEMPLO.TEST,001,CR-00095:ZCRE:A,,ZAFI,,,,2024-03-01,2026-09-01
0000300096,ZPER,X,Lucía,Vargas Arias,,962274449,1951-08-31,CO,BOG,11001,Transversal 110 # 85-11 Este,3416039051,LUCÍA.BERMÚDEZ323@EJEMPLO.TEST,001,CR-00096:ZCRE:A,,ZAFI,,,,2024-03-01,2026-09-01
0000300097,ZPER,X,Guillermo,Villamizar Ortega,,954568735,1973-05-14,CO,CUN,25286,Cl. 79 # 9-92 Sur,3460709995,GUILLERMO.LÓPEZ328@EJEMPLO.TEST,002,CR-00097:ZCRE:A,,ZAFI,,,,2024-03-01,2026-09-01
0000300098,ZPER,X,Manuel Carlos,Valencia Hernández,,994884664,2008-03-20,CO,BOG,11001,Cl. 38 # 4-46 Este,3084654463,MANUEL.SOTO329@EJEMPLO.TEST,003,CR-00098:ZCRE:A,,ZAFI,,,,2024-03-01,2026-09-01
0000300099,ZPER,X,Raquel Jenny,Ochoa Salazar,,962039918,1960-07-22,CO,BOG,11001,Tr. 191U Sur # 7G-30 Este,3379314573,RAQUEL.AGUIRRE330@EJEMPLO.TEST,001,CR-00099:ZCRE:A,,ZAFI,,,,2024-03-01,2026-09-01
0000300100,ZPER,X,Alberto,García Ardila,,920693492,1957-02-23,CO,CUN,25286,Dg. 97 # 71-5,3047872818,ALBERTO.CASTELLANOS331@EJEMPLO.TEST,003,CR-00100:ZCRE:A,,ZAFI,,,,2024-03-01,2026-09-01
0000300101,ZPER,X,Arnulfo Alexander,Fuentes Ospino,,910645967,2008-06-18,CO,CUN,25286,Avenida Sucre # 6-7 Sur,3435050883,ARNULFO.MOSQUERA333@EJEMPLO.TEST,003,CR-00101:ZCRE:A,,ZAFI,,,,2024-03-01,2026-09-01
0000300102,ZPER,X,Blanca Leidy,Yepes Benavides,,955838242,2002-03-07,CO,CUN,25286,Carrera 45N # 3-67 Sur,3423938931,BLANCA.SALCEDO335@EJEMPLO.TEST,003,CR-00102:ZCRE:A,,ZAFI,,,,2024-03-01,2026-09-01
0000300103,ZPER,X,Dayana Martha,Ríos Gutiérrez,,911515641,1944-06-24,CO,CUN,25754,Av. calle 36 # 37-78 Este,3111749461,DAYANA.CÁRDENAS336@EJEMPLO.TEST,003,CR-00103:ZCRE:A,,ZAFI,,,,2024-03-01,2026-09-01
0000300104,ZPER,X,Angélica María,Garzón Ríos,,997192411,1968-11-03,CO,CUN,25286,Carrera 1 Bis C # 2-2,3188752388,ANGÉLICA.RODRÍGUEZ337@EJEMPLO.TEST,001,CR-00104:ZCRE:A,,ZAFI,,,,2024-03-01,2026-09-01
0000300105,ZPER,X,Jhon Horacio,Carvajal Camargo,,917140822,1978-04-26,CO,VAL,76001,Cr. 100 # 1F-2,3174432010,JHON.CAMARGO339@EJEMPLO.TEST,003,CR-00105:ZCRE:A,,ZAFI,,,,2024-03-01,2026-09-01
0000300106,ZPER,X,Carmen Lucía,Agudelo Tamayo,,980091618,1974-08-12,CO,BOG,11001,Tr. 68 # 44-4 Este,3032425935,CARMEN.PEÑA341@EJEMPLO.TEST,003,CR-00106:ZCRE:A,,ZAFI,,,,2024-03-01,2026-09-01
0000300107,ZPER,X,Mary Beatriz,Gaviria Amaya,,926491899,1993-08-29,CO,CUN,25286,Cr. 103W # 1-7,3394295508,MARY.ACOSTA342@EJEMPLO.TEST,001,CR-00107:ZCRE:A,,ZAFI,,,,2024-03-01,2026-09-01
0000300108,ZPER,X,Juan Eduardo,Ocampo Salazar,,972291496,1997-06-29,CO,ANT,05001,Avenida carrera 164 # 9-7,3323034181,JUAN.PABÓN343@EJEMPLO.TEST,002,CR-00108:ZCRE:A,,ZAFI,,,,2024-03-01,2026-09-01
0000300109,ZPER,X,David,Barrera Valderrama,,994778719,1997-03-06,CO,VAL,76001,Avenida calle 41 # 2-7 Sur,3195269145,DAVID.RINCÓN351@EJEMPLO.TEST,003,CR-00109:ZCRE:A,,ZAFI,,,,2024-03-01,2026-09-01
0000300110,ZPER,X,Stella,Manrique Pérez,,963195345,1996-10-05,CO,BOG,11001,Tr. 161 Este # 83-1 Sur,3326407866,STELLA.MELO360@EJEMPLO.TEST,002,CR-00110:ZCRE:A,,ZAFI,,,,2024-03-01,2026-09-01
0000300111,ZPER,X,María,Leal Palacio,,987367630,1946-02-27,CO,VAL,76001,Dg. 31 # 4B-6,3357668941,MARÍA.ZAMBRANO363@EJEMPLO.TEST,002,CR-00111:ZCRE:A,,ZAFI,,,,2024-03-01,2026-09-01
0000300112,ZPER,X,Mirian Damaris,Martínez Castro,,954442049,1993-02-02,CO,BOG,11001,Cr. 55 # 84-1 Este,3456386932,MIRIAN.MARTÍNEZ369@EJEMPLO.TEST,002,CR-00112:ZCRE:A,,ZAFI,,,,2024-03-01,2026-09-01
0000300113,ZPER,X,María Daniela,Estrada Reyes,,927108087,1986-07-29,CO,BOG,11001,Cl. 8ª # 85-76 Este,3331883336,MARÍA.BEJARANO373@EJEMPLO.TEST,001,CR-00113:ZCRE:A,,ZAFI,,,,2024-03-01,2026-09-01
0000300114,ZPER,X,María,Manrique Martínez,,971736831,1959-05-25,CO,CUN,25286,Avenida calle 140 # 2M-4 Este,3184142856,MARÍA.SÁNCHEZ374@EJEMPLO.TEST,003,CR-00114:ZCRE:A,,ZAFI,,,,2024-03-01,2026-09-01
0000300115,ZPER,X,Iván,Mena Rodríguez,,942644299,1969-01-03,CO,CUN,25754,Av. carrera 171 # 86-92 Este,3176261107,IVÁN.CAMPO375@EJEMPLO.TEST,002,CR-00115:ZCRE:A,,ZAFI,,,,2024-03-01,2026-09-01
0000300116,ZPER,X,Heriberto Germán,Puentes Velásquez,,930904368,1969-12-05,CO,BOG,11001,Diagonal 19J # 1-4 Sur,3473971328,HERIBERTO.PINEDA376@EJEMPLO.TEST,001,CR-00116:ZCRE:A,,ZAFI,,,,2024-03-01,2026-09-01
0000300117,ZPER,X,Dayana Mónica,Portilla Velásquez,,914492061,1985-08-04,CO,CUN,25286,Cl. 32 # 6-54,3376980019,DAYANA.VERGARA387@EJEMPLO.TEST,001,CR-00117:ZCRE:A,,ZAFI,,,,2024-03-01,2026-09-01
0000300118,ZPER,X,Paula Carmen,Rodríguez Páez,,948854566,1989-06-07,CO,BOG,11001,Cr. 18 # 40-3 Sur,3369414146,PAULA.TORRES388@EJEMPLO.TEST,001,CR-00118:ZCRE:A,,ZAFI,,,,2024-03-01,2026-09-01
0000300119,ZPER,X,María,Rodríguez Moreno,,921759162,1957-03-13,CO,VAL,76001,Carrera 5L Bis # 92S-12,3475199745,MARÍA.RUIZ395@EJEMPLO.TEST,002,CR-00119:ZCRE:A,,ZAFI,,,,2024-03-01,2026-09-01
0000300120,ZPER,X,Elena Andrea,Cifuentes Rodríguez,,975249642,1982-05-26,CO,VAL,76001,Av. calle 198 # 9Q-6 Sur,3448406216,ELENA.RENTERÍA396@EJEMPLO.TEST,003,CR-00120:ZCRE:A,,ZAFI,,,,2024-03-01,2026-09-01
0000300121,ZPER,X,Ricardo,López Contreras,,964348754,1976-10-16,CO,CUN,25754,Transversal 7S # 3-2 Este,3093941336,RICARDO.URIBE399@EJEMPLO.TEST,003,CR-00121:ZCRE:A,,ZAFI,,,,2024-03-01,2026-09-01
0000300122,ZPER,X,Yadira Natalia,Arango Ceballos,,970062783,1944-09-28,CO,BOG,11001,Calle 59 Bis P # 37-54,3210281695,YADIRA.SALCEDO400@EJEMPLO.TEST,001,CR-00122:ZCRE:A,,ZAFI,,,,2024-03-01,2026-09-01
0000300123,ZPER,X,María Yeny,Durán Rodríguez,,959148054,2003-09-19,CO,VAL,76001,Avenida Ciénaga de Oro # 3Q-97 Este,3239600170,MARÍA.HURTADO401@EJEMPLO.TEST,002,CR-00123:ZCRE:A,,ZAFI,,,,2024-03-01,2026-09-01
0000300124,ZPER,X,Ángel Orlando,Durán Orjuela,,986929405,1968-03-15,CO,VAL,76001,Av. calle 71 # 1-25 Sur,3328125991,ÁNGEL.MORALES411@EJEMPLO.TEST,002,CR-00124:ZCRE:A,,ZAFI,,,,2024-03-01,2026-09-01
0000300125,ZPER,X,Adriana Sofía,Ramírez Durán,,957840816,2008-08-12,CO,VAL,76001,Cl. 38 # 23F-5,3034180918,ADRIANA.GUTIÉRREZ415@EJEMPLO.TEST,002,CR-00125:ZCRE:A,,ZAFI,,,,2024-03-01,2026-09-01
0000300126,ZPER,X,Josué,Hernández Vargas,,953122064,1983-01-16,CO,ANT,05001,Dg. 24 # 75-2 Sur,3089652659,JOSUÉ.ERAZO416@EJEMPLO.TEST,002,CR-00126:ZCRE:A,,ZAFI,,,,2024-03-01,2026-09-01
0000300127,ZPER,X,Daniel Osvaldo,Rivera Rodríguez,,948919091,1982-05-02,CO,ANT,05001,Carrera 188A # 5-15 Este,3489403440,DANIEL.MARTÍNEZ423@EJEMPLO.TEST,002,CR-00127:ZCRE:A,,ZAFI,,,,2024-03-01,2026-09-01
0000300128,ZPER,X,Diego,Muñoz Riascos,,960213187,1999-01-09,CO,CUN,25754,Cr. 32 # 22-3,3183261357,DIEGO.CRUZ427@EJEMPLO.TEST,003,CR-00128:ZCRE:A,,ZAFI,,,,2024-03-01,2026-09-01
0000300129,ZPER,X,Fabián,Orjuela Díaz,,972609054,1975-10-07,CO,BOG,11001,Cr. 15X # 17-2,3430255061,FABIÁN.HENAO428@EJEMPLO.TEST,001,CR-00129:ZCRE:A,,ZAFI,,,,2024-03-01,2026-09-01
0000300130,ZPER,X,Lina Luisa,Castellanos Villegas,,992508628,1977-09-13,CO,CUN,25286,Calle 109 # 32-7 Sur,3370058876,LINA.FUENTES429@EJEMPLO.TEST,001,CR-00130:ZCRE:A,,ZAFI,,,,2024-03-01,2026-09-01
0000300131,ZPER,X,Deicy Blanca,Moreno Gaitán,,951536503,1965-09-02,CO,VAL,76001,Calle 6 Sur # 1-18 Sur,3437574761,DEICY.GARCÍA432@EJEMPLO.TEST,001,CR-00131:ZCRE:A,,ZAFI,,,,2024-03-01,2026-09-01
0000300132,ZPER,X,David Juan,Silva Pérez,,924970804,1954-08-17,CO,VAL,76001,Cl. 78 # 42-7 Este,3398185038,DAVID.MÁRQUEZ433@EJEMPLO.TEST,002,CR-00132:ZCRE:A,,ZAFI,,,,2024-03-01,2026-09-01
0000300133,ZPER,X,Inés,Cuesta Polo,,926541578,1988-02-04,CO,CUN,25286,Dg. 82A # 37-9 Sur,3156153403,INÉS.ARRIETA434@EJEMPLO.TEST,001,CR-00133:ZCRE:A,,ZAFI,,,,2024-03-01,2026-09-01
0000300134,ZPER,X,Enrique,Salas Torres,,994523173,1975-03-24,CO,CUN,25754,Cr. 40 # 57-37 Sur,3099729144,ENRIQUE.ACOSTA436@EJEMPLO.TEST,003,CR-00134:ZCRE:A,,ZAFI,,,,2024-03-01,2026-09-01
0000300135,ZPER,X,Emma María,Rodríguez Palacios,,935301663,1991-07-06,CO,CUN,25286,Calle 23 # 66-42 Este,3147932453,EMMA.PÉREZ437@EJEMPLO.TEST,001,CR-00135:ZCRE:A,,ZAFI,,,,2024-03-01,2026-09-01
0000300136,ZPER,X,Óscar Luis,Orozco Pacheco,,933280976,1947-01-31,CO,CUN,25286,Carrera 7ª # 3Y-1 Sur,3368614081,ÓSCAR.ROSERO438@EJEMPLO.TEST,002,CR-00136:ZCRE:A,,ZAFI,,,,2024-03-01,2026-09-01
0000300137,ZPER,X,Rocío Doris,Jiménez Orozco,,946728684,1988-03-16,CO,BOG,11001,Avenida David Robinson Leal Cardona # 72-79,3497521112,ROCÍO.RODRÍGUEZ440@EJEMPLO.TEST,001,CR-00137:ZCRE:A,,ZAFI,,,,2024-03-01,2026-09-01
0000300138,ZPER,X,Fabiola Isabel,Valencia Arboleda,,978502003,2003-05-16,CO,ANT,05001,Cr. 169U # 2-1,3326459762,FABIOLA.CASTILLO443@EJEMPLO.TEST,003,CR-00138:ZCRE:A,,ZAFI,,,,2024-03-01,2026-09-01
0000300139,ZPER,X,Yesid Aldemar,Soto Hurtado,,944323333,1979-12-27,CO,CUN,25754,Tr. 45J # 17-94,3311031954,YESID.MORALES444@EJEMPLO.TEST,001,CR-00139:ZCRE:A,,ZAFI,,,,2024-03-01,2026-09-01
0000300140,ZPER,X,Andrés,Ortiz Sierra,,979704975,1971-07-13,CO,VAL,76001,Cr. 128 Sur # 23-94 Sur,3481426909,ANDRÉS.GONZÁLEZ445@EJEMPLO.TEST,002,CR-00140:ZCRE:A,,ZAFI,,,,2024-03-01,2026-09-01
0000300141,ZPER,X,Jesús Luis,Cárdenas Sánchez,,988622471,1945-04-28,CO,BOG,11001,Calle 1Y Bis # 25-15,3282935015,JESÚS.CUESTA447@EJEMPLO.TEST,001,CR-00141:ZCRE:A,,ZAFI,,,,2024-03-01,2026-09-01
0000300142,ZPER,X,Lizeth Alejandra,Ceballos Gómez,,914883333,1946-04-17,CO,ANT,05001,Tr. 93 # 26-7,3482425887,LIZETH.TORRES449@EJEMPLO.TEST,001,CR-00142:ZCRE:A,,ZAFI,,,,2024-03-01,2026-09-01
0000300143,ZPER,X,Aura,Bohórquez Rodríguez,,979087171,1960-08-06,CO,ANT,05001,Calle 32 # 25-46 Sur,3254257903,AURA.FUENTES457@EJEMPLO.TEST,002,CR-00143:ZCRE:A,,ZAFI,,,,2024-03-01,2026-09-01
0000300144,ZPER,X,Blanca Paola,Monsalve Díaz,,972358721,1995-04-10,CO,VAL,76001,Tr. 60 # 30E-5 Este,3145265577,BLANCA.GÓMEZ459@EJEMPLO.TEST,002,CR-00144:ZCRE:A,,ZAFI,,,,2024-03-01,2026-09-01
0000300145,ZPER,X,Luz Myriam,Hernández Gómez,,921824428,2004-11-02,CO,BOG,11001,Cl. 140 # 38K-9,3477237933,LUZ.MENDOZA463@EJEMPLO.TEST,002,CR-00145:ZCRE:A,,ZAFI,,,,2024-03-01,2026-09-01
0000300146,ZPER,X,Julieth Rosalba,Mantilla Orozco,,975229940,1978-07-14,CO,CUN,25754,Tr. 5R # 17-39 Sur,3355150315,JULIETH.MORALES473@EJEMPLO.TEST,001,CR-00146:ZCRE:A,,ZAFI,,,,2024-03-01,2026-09-01
0000300147,ZPER,X,Marlon Edwar,Giraldo Arias,,985354518,2007-04-05,CO,BOG,11001,Av. carrera 72 # 4-36 Sur,3261838204,MARLON.CASTRO474@EJEMPLO.TEST,002,CR-00147:ZCRE:A,,ZAFI,,,,2024-03-01,2026-09-01
0000300148,ZPER,X,Ana Martha,Puentes Jaramillo,,968132822,1993-05-18,CO,ANT,05001,Av. calle 3ª # 8-16 Este,3192748840,ANA.HERRERA477@EJEMPLO.TEST,003,CR-00148:ZCRE:A,,ZAFI,,,,2024-03-01,2026-09-01
0000300149,ZPER,X,Fabián Ángel,Vargas Jiménez,,933370507,1993-03-28,CO,VAL,76001,Calle 1Y # 70-50,3090971274,FABIÁN.SUÁREZ478@EJEMPLO.TEST,002,CR-00149:ZCRE:A,,ZAFI,,,,2024-03-01,2026-09-01
0000300150,ZPER,X,Dary Yuly,Rincón Escobar,,971770654,1947-08-23,CO,ANT,05001,Avenida Guainía # 3Q-6 Sur,3120544583,DARY.MARTÍNEZ481@EJEMPLO.TEST,002,CR-00150:ZCRE:A,,ZAFI,,,,2024-03-01,2026-09-01
0000300151,ZPER,X,Orlando,Hernández Vargas,,967866264,1972-10-10,CO,CUN,25754,Carrera 6ª # 20-76 Sur,3359469805,ORLANDO.CASTAÑEDA483@EJEMPLO.TEST,003,CR-00151:ZCRE:A,,ZAFI,,,,2024-03-01,2026-09-01
0000300152,ZPER,X,Alba Patricia,Ayala Soto,,915732268,1949-01-07,CO,VAL,76001,Cl. 60 # 8-72 Este,3235483941,ALBA.GUERRA487@EJEMPLO.TEST,001,CR-00152:ZCRE:A,,ZAFI,,,,2024-03-01,2026-09-01
0000300153,ZPER,X,Juan Jesús,Barrios Meneses,,957607118,1969-02-20,CO,CUN,25286,Calle 47 # 7-1 Sur,3240194755,JUAN.CORTÉS488@EJEMPLO.TEST,003,CR-00153:ZCRE:A,,ZAFI,,,,2024-03-01,2026-09-01
0000300154,ZPER,X,Esperanza Mercedes,Zapata Martínez,,961907568,1953-09-08,CO,BOG,11001,Calle 73 # 27-13,3436570372,ESPERANZA.JIMÉNEZ490@EJEMPLO.TEST,002,CR-00154:ZCRE:A,,ZAFI,,,,2024-03-01,2026-09-01
0000300155,ZPER,X,Luis,Bustos Melo,,954105293,1960-03-06,CO,CUN,25754,Calle 91 # 93N-36 Sur,3317382726,LUIS.VELÁSQUEZ491@EJEMPLO.TEST,002,CR-00155:ZCRE:A,,ZAFI,,,,2024-03-01,2026-09-01
0000300156,ZPER,X,Jefferson,López Pérez,,931959500,1977-11-08,CO,CUN,25754,Cl. 178 # 6-76 Sur,3481904555,JEFFERSON.RIVERA498@EJEMPLO.TEST,003,CR-00156:ZCRE:A,,ZAFI,,,,2024-03-01,2026-09-01
0000300157,ZPER,X,Lucía Silvia,Mejía González,,981131962,1993-03-03,CO,BOG,11001,Calle 2ª # 74-3,3239795993,LUCÍA.VELASCO500@EJEMPLO.TEST,003,CR-00157:ZCRE:A,,ZAFI,,,,2024-03-01,2026-09-01
0000300158,ZPER,X,Nancy,León Valencia,,949890098,1982-04-06,CO,ANT,05001,Avenida Gómez # 96-8 Este,3399011648,NANCY.TORO504@EJEMPLO.TEST,001,CR-00158:ZCRE:A,,ZAFI,,,,2024-03-01,2026-09-01
0000300159,ZPER,X,David Fabián,Jiménez Sandoval,,999196341,1941-07-28,CO,CUN,25754,Cr. 6F # 3-8 Sur,3052899827,DAVID.SIERRA510@EJEMPLO.TEST,002,CR-00159:ZCRE:A,,ZAFI,,,,2024-03-01,2026-09-01
0000300160,ZPER,X,Felipe Esneider,Torres Ortiz,,914435665,1953-04-28,CO,VAL,76001,Calle 76 # 43N-2 Este,3394013437,FELIPE.PINTO511@EJEMPLO.TEST,002,CR-00160:ZCRE:A,,ZAFI,,,,2024-03-01,2026-09-01
0000300161,ZPER,X,Camilo,Muñoz Navarro,,964907303,1976-04-25,CO,CUN,25286,Dg. 101 Este # 34-8 Sur,3216154460,CAMILO.RIVERA512@EJEMPLO.TEST,001,CR-00161:ZCRE:A,,ZAFI,,,,2024-03-01,2026-09-01
0000300162,ZPER,X,Rubiela,Ramírez Monroy,,953837378,2007-07-31,CO,CUN,25754,Carrera 55 # 34-6 Este,3289256319,RUBIELA.RUIZ514@EJEMPLO.TEST,002,CR-00162:ZCRE:A,,ZAFI,,,,2024-03-01,2026-09-01
0000300163,ZPER,X,Gisela Elena,Gómez Romero,,922243895,1985-09-30,CO,CUN,25286,Transversal 99V # 2-52,3246441869,GISELA.ACOSTA518@EJEMPLO.TEST,002,CR-00163:ZCRE:A,,ZAFI,,,,2024-03-01,2026-09-01
0000300164,ZPER,X,Ancizar Gustavo,Pardo Sánchez,,970929821,1964-08-13,CO,BOG,11001,Carrera 140 # 3-2,3160882811,ANCIZAR.DÍAZ522@EJEMPLO.TEST,003,CR-00164:ZCRE:A,,ZAFI,,,,2024-03-01,2026-09-01
0000300165,ZPER,X,Luis,Martínez Ruiz,,917649715,1991-05-26,CO,BOG,11001,Avenida calle 2ª # 6C-2 Sur,3078209109,LUIS.BUSTOS523@EJEMPLO.TEST,002,CR-00165:ZCRE:A,,ZAFI,,,,2024-03-01,2026-09-01
0000300166,ZPER,X,Andrés,Angulo García,,963402231,1948-02-19,CO,ANT,05001,Cl. 7ª # 1-23 Sur,3464804121,ANDRÉS.GUTIÉRREZ524@EJEMPLO.TEST,001,CR-00166:ZCRE:A,,ZAFI,,,,2024-03-01,2026-09-01
0000300167,ZPER,X,Iván Andrés,Sánchez Gómez,,980981728,1942-03-31,CO,ANT,05001,Cl. 38 Este # 6-6 Sur,3218413544,IVÁN.OCAMPO525@EJEMPLO.TEST,001,CR-00167:ZCRE:A,,ZAFI,,,,2024-03-01,2026-09-01
0000300168,ZPER,X,Andrés,Garcés Mora,,933719764,1958-03-29,CO,VAL,76001,Calle 172 # 68V-71 Sur,3260479686,ANDRÉS.ROJAS526@EJEMPLO.TEST,002,CR-00168:ZCRE:A,,ZAFI,,,,2024-03-01,2026-09-01
0000300169,ZPER,X,Reinel,Rivera Osorio,,946137512,1971-07-13,CO,BOG,11001,Carrera 123 # 6L-8 Este,3169927211,REINEL.AGUILAR530@EJEMPLO.TEST,001,CR-00169:ZCRE:A,,ZAFI,,,,2024-03-01,2026-09-01
0000300170,ZPER,X,Andrea Angélica,López Romero,,987126928,1957-04-22,CO,ANT,05001,Av. calle 3ª # 9G-36,3294526064,ANDREA.SÁNCHEZ532@EJEMPLO.TEST,001,CR-00170:ZCRE:A,,ZAFI,,,,2024-03-01,2026-09-01
0000300171,ZPER,X,César,Herrera Gómez,,980455496,2003-08-30,CO,CUN,25286,Avenida carrera 100 # 6-41 Este,3418825524,CÉSAR.GONZÁLEZ534@EJEMPLO.TEST,002,CR-00171:ZCRE:A,,ZAFI,,,,2024-03-01,2026-09-01
0000300172,ZPER,X,Julia Maricela,Castellanos Cruz,,967125914,1990-04-29,CO,CUN,25286,Dg. 11 # 32-1 Sur,3167069053,JULIA.MORENO537@EJEMPLO.TEST,003,CR-00172:ZCRE:A,,ZAFI,,,,2024-03-01,2026-09-01
0000300173,ZPER,X,Jairo René,Martínez Carrillo,,918553212,1973-03-11,CO,CUN,25754,Avenida calle 134 # 4P-1 Este,3238056093,JAIRO.MOSQUERA543@EJEMPLO.TEST,001,CR-00173:ZCRE:A,,ZAFI,,,,2024-03-01,2026-09-01
0000300174,ZPER,X,Luz,Cuéllar Delgado,,944709690,1954-12-11,CO,CUN,25754,Dg. 36 # 68T-5,3178610097,LUZ.MARTÍNEZ548@EJEMPLO.TEST,003,CR-00174:ZCRE:A,,ZAFI,,,,2024-03-01,2026-09-01
0000300175,ZPER,X,Yesid,Benítez Morales,,922754921,1948-05-16,CO,CUN,25754,Diagonal 63 # 95-55,3311521619,YESID.ALFONSO551@EJEMPLO.TEST,003,CR-00175:ZCRE:A,,ZAFI,,,,2024-03-01,2026-09-01
0000300176,ZPER,X,David Julián,Barrios Fuentes,,924832536,1950-09-29,CO,VAL,76001,Avenida Tuta # 79-80 Sur,3492313271,DAVID.FLÓREZ553@EJEMPLO.TEST,001,CR-00176:ZCRE:A,,ZAFI,,,,2024-03-01,2026-09-01
0000300177,ZPER,X,Gonzalo,Gómez Villamizar,,957210475,2005-01-08,CO,VAL,76001,Av. calle 166 # 9-33 Sur,3213218115,GONZALO.RAMÍREZ555@EJEMPLO.TEST,001,CR-00177:ZCRE:A,,ZAFI,,,,2024-03-01,2026-09-01
0000300178,ZPER,X,Arturo Andrés,Castro Moreno,,923426679,1981-04-16,CO,CUN,25754,Cl. 139B Sur # 47-7 Este,3141070740,ARTURO.CORREA556@EJEMPLO.TEST,001,CR-00178:ZCRE:A,,ZAFI,,,,2024-03-01,2026-09-01
0000300179,ZPER,X,Fernando,Rivera Jaramillo,,996827924,1990-06-24,CO,CUN,25754,Cl. 38 # 4U-29,3055071853,FERNANDO.MORALES566@EJEMPLO.TEST,003,CR-00179:ZCRE:A,,ZAFI,,,,2024-03-01,2026-09-01
0000300180,ZPER,X,Edinson Diego,Gómez Castillo,,925211662,1943-05-21,CO,CUN,25286,Av. Chocó # 7A-7 Sur,3245896490,EDINSON.MARÍN567@EJEMPLO.TEST,001,CR-00180:ZCRE:A,,ZAFI,,,,2024-03-01,2026-09-01
0000300181,ZPER,X,Patricia Nubia,Prada Quintero,,923522158,1986-12-29,CO,BOG,11001,Avenida Carlos Pardo Ospino # 7J-37 Sur,3369408249,PATRICIA.RÍOS570@EJEMPLO.TEST,003,CR-00181:ZCRE:A,,ZAFI,,,,2024-03-01,2026-09-01
0000300182,ZPER,X,Norberto Rafael,García Perea,,947914701,1964-10-24,CO,BOG,11001,Calle 9O # 55-81 Este,3372749227,NORBERTO.OSPINA576@EJEMPLO.TEST,003,CR-00182:ZCRE:A,,ZAFI,,,,2024-03-01,2026-09-01
0000300183,ZPER,X,Beatriz,Velasco Obando,,910276033,1983-07-20,CO,CUN,25754,Cl. 76 # 2-6,3022275525,BEATRIZ.MUÑOZ579@EJEMPLO.TEST,003,CR-00183:ZCRE:A,,ZAFI,,,,2024-03-01,2026-09-01
0000300184,ZPER,X,Marina,Hernández Jiménez,,960042087,1978-05-22,CO,ANT,05001,Diagonal 79 # 73-19 Sur,3437170045,MARINA.VÁSQUEZ582@EJEMPLO.TEST,003,CR-00184:ZCRE:A,,ZAFI,,,,2024-03-01,2026-09-01
0000300185,ZPER,X,Kevin,Cruz Marín,,981008784,1945-02-28,CO,ANT,05001,Cl. 70 # 63-40,3072761474,KEVIN.PEREA583@EJEMPLO.TEST,002,CR-00185:ZCRE:A,,ZAFI,,,,2024-03-01,2026-09-01
0000300186,ZPER,X,Aurora Liliana,Pinzón Villegas,,913881612,1965-12-21,CO,ANT,05001,Diagonal 8ª # 40G-9 Este,3126014210,AURORA.DELGADO585@EJEMPLO.TEST,003,CR-00186:ZCRE:A,,ZAFI,,,,2024-03-01,2026-09-01
0000300187,ZPER,X,Miguel Felipe,Medina Mendoza,,996957076,2001-08-13,CO,CUN,25754,Av. carrera 4ª # 4-44 Este,3447765031,MIGUEL.TRIANA589@EJEMPLO.TEST,001,CR-00187:ZCRE:A,,ZAFI,,,,2024-03-01,2026-09-01
0000300188,ZPER,X,Delia Ana,Salazar Martínez,,975253822,1999-08-27,CO,CUN,25286,Cr. 55X # 1-16 Este,3041022741,DELIA.SALGADO594@EJEMPLO.TEST,001,CR-00188:ZCRE:A,,ZAFI,,,,2024-03-01,2026-09-01
0000300189,ZPER,X,Erick Carlos,Garzón Buitrago,,986103210,1985-01-27,CO,VAL,76001,Carrera 34 # 90-40 Sur,3388588419,ERICK.GUERRERO598@EJEMPLO.TEST,002,CR-00189:ZCRE:A,,ZAFI,,,,2024-03-01,2026-09-01
0000300190,ZPER,X,Elver,Gutiérrez Rojas,,917680951,1968-11-07,CO,BOG,11001,Avenida Helena Martha Gómez # 72-5 Este,3171512173,ELVER.LÓPEZ599@EJEMPLO.TEST,001,CR-00190:ZCRE:A,,ZAFI,,,,2024-03-01,2026-09-01
0000300191,ZPER,X,Jackeline,Anaya Camargo,,970891995,1951-02-10,CO,VAL,76001,Cl. 112 # 25-1,3088292813,JACKELINE.DÍAZ600@EJEMPLO.TEST,002,CR-00191:ZCRE:A,,ZAFI,,,,2024-03-01,2026-09-01
0000300192,ZPER,X,María,Castellanos Rodríguez,,965631168,1994-01-31,CO,VAL,76001,Calle 7 Bis # 7-27 Sur,3184162600,MARÍA.VERA601@EJEMPLO.TEST,003,CR-00192:ZCRE:A,,ZAFI,,,,2024-03-01,2026-09-01
0000300193,ZPER,X,Nelson Jesús,Blanco Giraldo,,980752203,2002-10-03,CO,CUN,25754,Carrera 103 # 62B-7 Sur,3444890355,NELSON.ARÉVALO618@EJEMPLO.TEST,001,CR-00193:ZCRE:A,,ZAFI,,,,2024-03-01,2026-09-01
0000300194,ZPER,X,Lucía,Vélez Pedraza,,927612846,1989-10-19,CO,CUN,25286,Cr. 87 # 17W-7,3312761925,LUCÍA.GONZÁLEZ619@EJEMPLO.TEST,001,CR-00194:ZCRE:A,,ZAFI,,,,2024-03-01,2026-09-01
0000300195,ZPER,X,Ana Alejandra,Romero Cardona,,989338601,1953-07-28,CO,CUN,25286,Carrera 2ª # 6-7,3219723742,ANA.REYES624@EJEMPLO.TEST,001,CR-00195:ZCRE:A,,ZAFI,,,,2024-03-01,2026-09-01
0000300196,ZPER,X,Socorro Daniela,Pérez Díaz,,916178203,1999-08-27,CO,CUN,25754,Cl. 3ª # 4-6 Este,3220130950,SOCORRO.ARIAS628@EJEMPLO.TEST,002,CR-00196:ZCRE:A,,ZAFI,,,,2024-03-01,2026-09-01
0000300197,ZPER,X,Guillermo Alberto,García Lara,,982533454,1984-12-31,CO,VAL,76001,Calle 4ª # 86-35 Este,3380337443,GUILLERMO.RUIZ631@EJEMPLO.TEST,003,CR-00197:ZCRE:A,,ZAFI,,,,2024-03-01,2026-09-01
0000300198,ZPER,X,Antonio José,Acosta Peña,,912435368,1954-11-12,CO,ANT,05001,Cl. 82 # 8-5 Este,3345283564,ANTONIO.MONTOYA633@EJEMPLO.TEST,002,CR-00198:ZCRE:A,,ZAFI,,,,2024-03-01,2026-09-01
0000300199,ZPER,X,Alfredo,Hernández Melo,,998621857,1986-08-08,CO,BOG,11001,Calle 2 Bis B # 67-4 Este,3059969602,ALFREDO.BURGOS639@EJEMPLO.TEST,003,CR-00199:ZCRE:A,,ZAFI,,,,2024-03-01,2026-09-01
0000300200,ZPER,X,Juan,Maldonado Galindo,,966177677,1955-07-25,CO,CUN,25286,Av. Los Santos # 61-2,3228657933,JUAN.RAMÍREZ641@EJEMPLO.TEST,001,CR-00200:ZCRE:A,,ZAFI,,,,2024-03-01,2026-09-01
0000300201,ZPER,X,Eugenia Rocío,Soto Oviedo,,981012691,1945-07-25,CO,CUN,25754,Carrera 77G # 7-9 Este,3224512218,EUGENIA.GÓMEZ645@EJEMPLO.TEST,002,CR-00201:ZCRE:A,,ZAFI,,,,2024-03-01,2026-09-01
0000300202,ZPER,X,Stella Yaneth,Carvajal Barragán,,937054341,2004-01-17,CO,BOG,11001,Carrera 156 # 31P-3 Este,3377333520,STELLA.MOSQUERA653@EJEMPLO.TEST,001,CR-00202:ZCRE:A,,ZAFI,,,,2024-03-01,2026-09-01
0000300203,ZPER,X,Erika Juliana,Rodríguez Herrera,,922584861,1972-08-23,CO,CUN,25286,Cl. 81 # 4-60,3291734829,ERIKA.BLANCO657@EJEMPLO.TEST,003,CR-00203:ZCRE:A,,ZAFI,,,,2024-03-01,2026-09-01
0000300204,ZPER,X,Sebastián Carlos,Ariza Rodríguez,,965508127,1942-05-28,CO,BOG,11001,Transversal 150 # 5-1 Sur,3054956320,SEBASTIÁN.GARCÉS663@EJEMPLO.TEST,001,CR-00204:ZCRE:A,,ZAFI,,,,2024-03-01,2026-09-01
0000300205,ZPER,X,Flor,Sánchez Arboleda,,917216155,1974-05-11,CO,CUN,25286,Tr. 53 # 5-5,3041593970,FLOR.HENAO672@EJEMPLO.TEST,001,CR-00205:ZCRE:A,,ZAFI,,,,2024-03-01,2026-09-01
0000300206,ZPER,X,Sandra María,Caballero Díaz,,910952156,1957-08-18,CO,VAL,76001,Calle 154 # 2-95 Sur,3247258635,SANDRA.LOZANO674@EJEMPLO.TEST,003,CR-00206:ZCRE:A,,ZAFI,,,,2024-03-01,2026-09-01
0000300207,ZPER,X,Isabel,Castañeda González,,919017533,2004-03-10,CO,ANT,05001,Avenida calle 168 # 95-3 Sur,3060431955,ISABEL.RIVERA675@EJEMPLO.TEST,001,CR-00207:ZCRE:A,,ZAFI,,,,2024-03-01,2026-09-01
0000300208,ZPER,X,Paulina Angie,Montoya Pérez,,947846933,2004-12-10,CO,CUN,25286,Dg. 71 # 90-21 Sur,3078781365,PAULINA.GONZÁLEZ676@EJEMPLO.TEST,003,CR-00208:ZCRE:A,,ZAFI,,,,2024-03-01,2026-09-01
0000300209,ZPER,X,Luz,Quiroga Vega,,934651503,1968-02-05,CO,CUN,25754,Cr. 35H # 73-7 Sur,3131849701,LUZ.MORALES682@EJEMPLO.TEST,003,CR-00209:ZCRE:A,,ZAFI,,,,2024-03-01,2026-09-01
0000300210,ZPER,X,Edwin,Díaz Rojas,,966263158,1942-01-17,CO,ANT,05001,Avenida calle 4ª # 5-2 Este,3336754617,EDWIN.CABALLERO685@EJEMPLO.TEST,002,CR-00210:ZCRE:A,,ZAFI,,,,2024-03-01,2026-09-01
0000300211,ZPER,X,José,Garzón Betancur,,967770491,1974-07-14,CO,ANT,05001,Calle 159 # 8M-39,3294413706,JOSÉ.MOLANO686@EJEMPLO.TEST,001,CR-00211:ZCRE:A,,ZAFI,,,,2024-03-01,2026-09-01
0000300212,ZPER,X,Carlos David,Rojas Cáceres,,956041935,1943-12-12,CO,BOG,11001,Calle 47 # 38L-76,3279821615,CARLOS.GUZMÁN690@EJEMPLO.TEST,002,CR-00212:ZCRE:A,,ZAFI,,,,2024-03-01,2026-09-01
0000300213,ZPER,X,Jhoana Marcela,Lara Osorio,,940129345,1987-11-21,CO,ANT,05001,Calle 98 # 9-79 Este,3091509711,JHOANA.BONILLA698@EJEMPLO.TEST,003,CR-00213:ZCRE:A,,ZAFI,,,,2024-03-01,2026-09-01
0000300214,ZPER,X,Yanet Andrea,Bernal Méndez,,988401477,1983-12-05,CO,ANT,05001,Cr. 70 # 80-32 Sur,3121989836,YANET.RODRÍGUEZ699@EJEMPLO.TEST,003,CR-00214:ZCRE:A,,ZAFI,,,,2024-03-01,2026-09-01
0000300215,ZPER,X,Guillermo Leonardo,Bautista Sepúlveda,,988343132,1942-10-12,CO,BOG,11001,Calle 125 # 45P-87 Este,3010554007,GUILLERMO.GÓMEZ702@EJEMPLO.TEST,003,CR-00215:ZCRE:A,,ZAFI,,,,2024-03-01,2026-09-01
0000300216,ZPER,X,Jaime Raúl,Montoya Bermúdez,,994199225,2001-09-30,CO,VAL,76001,Cr. 8ª # 6-16 Sur,3263336912,JAIME.RUIZ709@EJEMPLO.TEST,002,CR-00216:ZCRE:A,,ZAFI,,,,2024-03-01,2026-09-01
0000300217,ZPER,X,Edgar Francisco,Ramírez Vergara,,926693238,1983-05-21,CO,CUN,25286,Cl. 8I # 7S-65,3472526640,EDGAR.GONZÁLEZ712@EJEMPLO.TEST,003,CR-00217:ZCRE:A,,ZAFI,,,,2024-03-01,2026-09-01
0000300218,ZPER,X,Lucía Gloria,Rojas González,,954934947,1990-06-04,CO,BOG,11001,Carrera 8ª # 6-8,3110208338,LUCÍA.PATIÑO713@EJEMPLO.TEST,002,CR-00218:ZCRE:A,,ZAFI,,,,2024-03-01,2026-09-01
0000300219,ZPER,X,Milena,Gómez Álvarez,,980223520,1997-12-18,CO,CUN,25286,Carrera 9ª # 9-78 Este,3048134745,MILENA.CASTRO714@EJEMPLO.TEST,002,CR-00219:ZCRE:A,,ZAFI,,,,2024-03-01,2026-09-01
0000300220,ZPER,X,Valentina Mariana,Campo Duarte,,914182722,2000-08-24,CO,VAL,76001,Av. calle 1ª # 3N-9,3228007696,VALENTINA.RAMÍREZ716@EJEMPLO.TEST,003,CR-00220:ZCRE:A,,ZAFI,,,,2024-03-01,2026-09-01
0000300221,ZPER,X,Paola Luz,Gallego Vega,,914267387,1992-02-27,CO,BOG,11001,Cl. 95T # 72-57 Este,3240843082,PAOLA.ESCOBAR718@EJEMPLO.TEST,001,CR-00221:ZCRE:A,,ZAFI,,,,2024-03-01,2026-09-01
0000300222,ZPER,X,David Andrés,Silva Molina,,969926276,2004-05-02,CO,BOG,11001,Av. calle 1ª # 1M-5,3372903951,DAVID.VARGAS721@EJEMPLO.TEST,003,CR-00222:ZCRE:A,,ZAFI,,,,2024-03-01,2026-09-01
0000300223,ZPER,X,Jhonny,Jaramillo García,,978532730,1950-07-20,CO,BOG,11001,Av. carrera 3ª # 40-58 Sur,3318382439,JHONNY.RENTERÍA724@EJEMPLO.TEST,003,CR-00223:ZCRE:A,,ZAFI,,,,2024-03-01,2026-09-01
0000300224,ZPER,X,Germán,Martínez León,,953987679,1997-07-31,CO,ANT,05001,Carrera 89 # 2-9,3350580142,GERMÁN.MURILLO728@EJEMPLO.TEST,002,CR-00224:ZCRE:A,,ZAFI,,,,2024-03-01,2026-09-01
0000300225,ZPER,X,Ana Jenny,Carrillo Camacho,,969261325,1989-07-31,CO,ANT,05001,Cr. 3E # 56-23 Este,3376968588,ANA.RIVERA729@EJEMPLO.TEST,003,CR-00225:ZCRE:A,,ZAFI,,,,2024-03-01,2026-09-01
0000300226,ZPER,X,Eugenia,Castellanos Martínez,,966674003,1986-08-07,CO,CUN,25286,Cl. 6 Bis # 4-29 Sur,3380839815,EUGENIA.GONZÁLEZ730@EJEMPLO.TEST,003,CR-00226:ZCRE:A,,ZAFI,,,,2024-03-01,2026-09-01
0000300227,ZPER,X,Matilde Gloria,Montoya Caicedo,,987947179,1941-01-02,CO,BOG,11001,Avenida calle 70 # 36-18 Sur,3157375951,MATILDE.DÍAZ731@EJEMPLO.TEST,003,CR-00227:ZCRE:A,,ZAFI,,,,2024-03-01,2026-09-01
0000300228,ZPER,X,Cindy Eugenia,Castañeda Barrios,,938231752,1987-12-13,CO,ANT,05001,Cr. 46 # 91G-34 Sur,3259379156,CINDY.MOLINA733@EJEMPLO.TEST,003,CR-00228:ZCRE:A,,ZAFI,,,,2024-03-01,2026-09-01
0000300229,ZPER,X,César Ángel,Alarcón Castro,,985239314,1998-11-08,CO,ANT,05001,Cr. 2ª # 6-20 Este,3441834225,CÉSAR.MESA734@EJEMPLO.TEST,003,CR-00229:ZCRE:A,,ZAFI,,,,2024-03-01,2026-09-01
0000300230,ZPER,X,Alejandro Carlos,Fernández Cabrera,,941416390,1984-10-28,CO,CUN,25286,Cl. 3ª # 5-44 Este,3095120646,ALEJANDRO.GÓMEZ736@EJEMPLO.TEST,003,CR-00230:ZCRE:A,,ZAFI,,,,2024-03-01,2026-09-01
0000300231,ZPER,X,José Darwin,Molina Córdoba,,964268730,1974-01-12,CO,BOG,11001,Carrera 2ª # 8-68,3330240203,JOSÉ.CARDONA737@EJEMPLO.TEST,003,CR-00231:ZCRE:A,,ZAFI,,,,2024-03-01,2026-09-01
0000300232,ZPER,X,Andrés William,Zapata Jiménez,,939296580,1958-09-28,CO,VAL,76001,Cr. 11 # 1-5 Sur,3099560004,ANDRÉS.OCHOA746@EJEMPLO.TEST,002,CR-00232:ZCRE:A,,ZAFI,,,,2024-03-01,2026-09-01
0000300233,ZPER,X,Rafael,Guerrero Fernández,,973838689,1959-04-22,CO,VAL,76001,Cr. 199 # 75-1 Este,3287673289,RAFAEL.OBANDO749@EJEMPLO.TEST,001,CR-00233:ZCRE:A,,ZAFI,,,,2024-03-01,2026-09-01
0000300234,ZPER,X,Marina,Rodríguez Espinosa,,983426343,1981-07-25,CO,ANT,05001,Carrera 6K # 17-56,3298738428,MARINA.FRANCO751@EJEMPLO.TEST,003,CR-00234:ZCRE:A,,ZAFI,,,,2024-03-01,2026-09-01
0000300235,ZPER,X,Ana,Jaramillo González,,927422152,1979-01-23,CO,BOG,11001,Diagonal 198 # 93-3,3352605060,ANA.PARRA753@EJEMPLO.TEST,003,CR-00235:ZCRE:A,,ZAFI,,,,2024-03-01,2026-09-01
0000300236,ZPER,X,Edinson,Rueda Duque,,943740229,1943-05-23,CO,BOG,11001,Carrera 190 # 37-93,3345644049,EDINSON.MONTOYA761@EJEMPLO.TEST,002,CR-00236:ZCRE:A,,ZAFI,,,,2024-03-01,2026-09-01
0000300237,ZPER,X,Juan Moisés,Herrera Duarte,,996955788,1960-01-25,CO,VAL,76001,Cr. 8 Bis J # 7-55 Sur,3478811122,JUAN.BETANCUR765@EJEMPLO.TEST,001,CR-00237:ZCRE:A,,ZAFI,,,,2024-03-01,2026-09-01
0000300238,ZPER,X,Eduar,Silva Parra,,926991980,1949-04-28,CO,CUN,25754,Avenida Peña # 52-8 Este,3091794462,EDUAR.PINEDA766@EJEMPLO.TEST,003,CR-00238:ZCRE:A,,ZAFI,,,,2024-03-01,2026-09-01
0000300239,ZPER,X,Nury,Morales Ortiz,,992482535,1953-12-19,CO,CUN,25286,Cr. 197D # 7Q-6,3047481830,NURY.VEGA769@EJEMPLO.TEST,002,CR-00239:ZCRE:A,,ZAFI,,,,2024-03-01,2026-09-01
0000300240,ZPER,X,Andrés Carlos,Flórez Hernández,,943918674,1960-12-31,CO,CUN,25286,Cl. 73 # 69-6,3262625579,ANDRÉS.PARRA772@EJEMPLO.TEST,003,CR-00240:ZCRE:A,,ZAFI,,,,2024-03-01,2026-09-01
0000300241,ZPER,X,Liliana Carmen,Carmona Rodríguez,,925717394,1965-03-04,CO,BOG,11001,Carrera 24 # 6-49,3016500972,LILIANA.VELÁSQUEZ776@EJEMPLO.TEST,001,CR-00241:ZCRE:A,,ZAFI,,,,2024-03-01,2026-09-01
0000300242,ZPER,X,Wilson Andrés,Muñoz López,,919286166,1942-02-16,CO,CUN,25754,Cr. 97 # 41-2 Este,3199481227,WILSON.VÉLEZ785@EJEMPLO.TEST,002,CR-00242:ZCRE:A,,ZAFI,,,,2024-03-01,2026-09-01
0000300243,ZPER,X,Stiven Libardo,Rengifo Pinzón,,987696613,1963-01-19,CO,CUN,25286,Cl. 194 # 7-9 Sur,3285347201,STIVEN.RUEDA786@EJEMPLO.TEST,002,CR-00243:ZCRE:A,,ZAFI,,,,2024-03-01,2026-09-01
0000300244,ZPER,X,Gabriel Carlos,Lozano Prada,,963719101,1969-05-17,CO,CUN,25754,Calle 49 # 31-5 Este,3216856240,GABRIEL.SEPÚLVEDA790@EJEMPLO.TEST,001,CR-00244:ZCRE:A,,ZAFI,,,,2024-03-01,2026-09-01
0000300245,ZORG,,Granados Inc S.A.,GRANADOS INC,834287814-6,,,CO,CUN,25754,Avenida carrera 115 # 6R-74 Sur,6012628099,contacto@granados.test,,CT-00245:ZSAL:A,,ZEMP,,,,2023-05-01,2026-09-01
0000300246,ZORG,,Fundación Moreno-Meza,MORENO-MEZA,877873196-2,,,CO,CUN,25286,Calle 126 # 29C-4,6017128755,contacto@moreno-meza.test,,CT-00246:ZSAL:A,,ZEMP,,,,2023-05-01,2026-09-01
0000300247,ZORG,,Fundación Martínez-Aguirre,MARTÍNEZ-AGUIRRE,890776832-0,,,CO,CUN,25754,Cr. 2ª # 4-67,6014884031,contacto@martínez-aguirre.test,,CT-00247:ZSAL:A,,ZEMP,,,,2023-05-01,2026-09-01
0000300248,ZORG,,Gaitán Gómez and Aguilar Ltda.,GAITÁN GÓMEZ AND AGUILAR,868972384-2,,,CO,CUN,25286,Cr. 52L # 9-9,6016751382,contacto@gaitán.test,,CT-00248:ZSAL:A,,ZEMP,,,,2023-05-01,2026-09-01
0000300249,ZORG,,Fundación Rosero Inc,ROSERO INC,884633018-6,,,CO,VAL,76001,Carrera 47 # 9-36 Este,6013380250,contacto@rosero.test,,CT-00249:ZSAL:A,,ZEMP,,,,2023-05-01,2026-09-01
0000300250,ZORG,,Miranda Group Ltda.,MIRANDA GROUP,813841700-5,,,CO,BOG,11001,Transversal 3ª # 69S-5 Sur,6015695646,contacto@miranda.test,,CT-00250:ZSAL:A,,ZEMP,,,,2023-05-01,2026-09-01
0000300251,ZORG,,Caicedo PLC S.A.,CAICEDO PLC,826039304-1,,,CO,VAL,76001,Avenida calle 47 # 46-4,6014053058,contacto@caicedo.test,,CT-00251:ZSAL:A,,ZEMP,,,,2023-05-01,2026-09-01
0000300252,ZORG,,Cárdenas Ltd S.A.S.,CÁRDENAS LTD,843168433-6,,,CO,CUN,25286,Diagonal 8K Sur # 42-3,6014210725,contacto@cárdenas.test,,CT-00252:ZSAL:A,,ZEMP,,,,2023-05-01,2026-09-01
0000300253,ZORG,,Fundación Arteaga PLC,ARTEAGA PLC,879742535-1,,,CO,VAL,76001,Dg. 9C # 1-4 Este,6018225817,contacto@arteaga.test,,CT-00253:ZSAL:A,,ZEMP,,,,2023-05-01,2026-09-01
0000300254,ZORG,,Fundación Bernal-Naranjo,BERNAL-NARANJO,846460646-1,,,CO,CUN,25286,Av. Ever Rafael Trujillo # 6-68 Sur,6019179364,contacto@bernal-naranjo.test,,CT-00254:ZSAL:A,,ZEMP,,,,2023-05-01,2026-09-01
0000300255,ZORG,,Gil and Sons S.A.S.,GIL AND SONS,822295934-1,,,CO,CUN,25754,Calle 1ª # 85I-2,6019053475,contacto@gil.test,,CT-00255:ZSAL:A,,ZEMP,,,,2023-05-01,2026-09-01
0000300256,ZORG,,Fundación Yepes Padilla and Monsalve,YEPES PADILLA AND MONSALVE,864467435-1,,,CO,CUN,25286,Cl. 76I Sur # 7Y-71 Este,6014661392,contacto@yepes.test,,CT-00256:ZSAL:A,,ZEMP,,,,2023-05-01,2026-09-01
0000300257,ZORG,,Gil LLC S.A.S.,GIL LLC,856105680-6,,,CO,ANT,05001,Cr. 4Q # 81-3,6012755290,contacto@gil.test,,CT-00257:ZSAL:A,,ZEMP,,,,2023-05-01,2026-09-01
0000300258,ZORG,,Contreras-Torres S.A.S.,CONTRERAS-TORRES,868693661-0,,,CO,CUN,25754,Carrera 45 # 7-94,6017629832,contacto@contreras-torres.test,,CT-00258:ZSAL:A,,ZEMP,,,,2023-05-01,2026-09-01
0000300259,ZORG,,Contreras and Sons S.A.S.,CONTRERAS AND SONS,864723727-3,,,CO,ANT,05001,Calle 36 Sur # 78-98,6017498751,contacto@contreras.test,,CT-00259:ZSAL:A,,ZEMP,,,,2023-05-01,2026-09-01
0000300260,ZORG,,Contreras-Mendoza S.A.S.,CONTRERAS-MENDOZA,890909653-1,,,CO,BOG,11001,Calle 60 # 10-1 Este,6013300841,contacto@contreras-mendoza.test,,CT-00260:ZSAL:A,,ZEMP,,,,2023-05-01,2026-09-01
0000300261,ZORG,,Moreno Ltd Ltda.,MORENO LTD,882631662-3,,,CO,ANT,05001,Cl. 166 # 42-1 Sur,6019722254,contacto@moreno.test,,CT-00261:ZSAL:A,,ZEMP,,,,2023-05-01,2026-09-01
0000300262,ZORG,,Pérez Jaramillo and Zuluaga S.A.S.,PÉREZ JARAMILLO AND ZULUAGA,820070719-0,,,CO,CUN,25286,Cr. 63X Bis # 7-62,6012280349,contacto@pérez.test,,CT-00262:ZSAL:A,,ZEMP,,,,2023-05-01,2026-09-01
0000300263,ZORG,,Murillo Group Ltda.,MURILLO GROUP,868253098-6,,,CO,BOG,11001,Avenida calle 187 # 1-30 Este,6016691321,contacto@murillo.test,,CT-00263:ZSAL:A,,ZEMP,,,,2023-05-01,2026-09-01
0000300264,ZORG,,Alvarado Mendoza and Calderón S.A.,ALVARADO MENDOZA AND CALDERÓN,855126403-9,,,CO,ANT,05001,Tr. 141 # 32-7 Sur,6018221186,contacto@alvarado.test,,CT-00264:ZSAL:A,,ZEMP,,,,2023-05-01,2026-09-01
0000300265,ZORG,,Fundación Andrade Inc,ANDRADE INC,845347971-2,,,CO,CUN,25286,Cr. 45 # 6-11 Este,6018258712,contacto@andrade.test,,CT-00265:ZSAL:A,,ZEMP,,,,2023-05-01,2026-09-01
0000300266,ZORG,,López Ltd S.A.,LÓPEZ LTD,841735403-0,,,CO,VAL,76001,Calle 160Y # 6Z-80 Sur,6019709146,contacto@lópez.test,,CT-00266:ZSAL:A,,ZEMP,,,,2023-05-01,2026-09-01
0000300267,ZORG,,Hurtado Group S.A.,HURTADO GROUP,879150726-0,,,CO,CUN,25754,Carrera 97 # 3-3 Sur,6019855253,contacto@hurtado.test,,CT-00267:ZSAL:A,,ZEMP,,,,2023-05-01,2026-09-01
0000300268,ZORG,,Vallejo Group S.A.S.,VALLEJO GROUP,891473141-2,,,CO,CUN,25286,Calle 21 Bis E # 80-5,6014238206,contacto@vallejo.test,,CT-00268:ZSAL:A,,ZEMP,,,,2023-05-01,2026-09-01
0000300269,ZORG,,Rincón Ltd S.A.,RINCÓN LTD,876409984-8,,,CO,BOG,11001,Transversal 7 Bis # 6-89,6012724619,contacto@rincón.test,,CT-00269:ZSAL:A,,ZEMP,,,,2023-05-01,2026-09-01
0000300270,ZORG,,Fundación Naranjo Paz and Moreno,NARANJO PAZ AND MORENO,898012488-0,,,CO,ANT,05001,Cl. 12 # 29-6 Sur,6013880927,contacto@naranjo.test,,CT-00270:ZSAL:A,,ZEMP,,,,2023-05-01,2026-09-01
0000300271,ZORG,,Betancur Orjuela and Hernández S.A.,BETANCUR ORJUELA AND HERNÁNDEZ,812136419-2,,,CO,BOG,11001,Cr. 4U # 2-70 Este,6019568171,contacto@betancur.test,,CT-00271:ZSAL:A,,ZEMP,,,,2023-05-01,2026-09-01
0000300272,ZORG,,Torres PLC S.A.S.,TORRES PLC,871441006-6,,,CO,CUN,25754,Avenida carrera 1ª # 9-2 Sur,6013305576,contacto@torres.test,,CT-00272:ZSAL:A,,ZEMP,,,,2023-05-01,2026-09-01
0000300273,ZORG,,Arango Ltd S.A.,ARANGO LTD,816421634-6,,,CO,ANT,05001,Cl. 137U # 83-61,6012009039,contacto@arango.test,,CT-00273:ZSAL:A,,ZEMP,,,,2023-05-01,2026-09-01
0000300274,ZORG,,Fundación Alvarado Blanco and Melo,ALVARADO BLANCO AND MELO,892098803-5,,,CO,CUN,25286,Cr. 108A # 70-25 Este,6014843181,contacto@alvarado.test,,CT-00274:ZSAL:A,,ZEMP,,,,2023-05-01,2026-09-01
0000300275,ZORG,,Montenegro-Vega S.A.,MONTENEGRO-VEGA,845269867-1,,,CO,CUN,25286,Calle 32 # 5-6 Este,6014968551,contacto@montenegro-vega.test,,CT-00275:ZSAL:A,,ZEMP,,,,2023-05-01,2026-09-01
0000300276,ZORG,,Burgos Cifuentes and Martínez S.A.,BURGOS CIFUENTES AND MARTÍNEZ,848593981-0,,,CO,CUN,25754,Dg. 41 # 24-46 Sur,6013382100,contacto@burgos.test,,CT-00276:ZSAL:A,,ZEMP,,,,2023-05-01,2026-09-01
0000300277,ZORG,,Salas-Giraldo S.A.S.,SALAS-GIRALDO,819756947-5,,,CO,ANT,05001,Cr. 86T # 5F-28,6013890033,contacto@salas-giraldo.test,,CT-00277:ZSAL:A,,ZEMP,,,,2023-05-01,2026-09-01
0000300278,ZORG,,Salazar Inc S.A.,SALAZAR INC,816322979-7,,,CO,VAL,76001,Avenida carrera 146 # 7-5 Sur,6013061603,contacto@salazar.test,,CT-00278:ZSAL:A,,ZEMP,,,,2023-05-01,2026-09-01
0000300279,ZORG,,Díaz-Cárdenas Ltda.,DÍAZ-CÁRDENAS,826117594-3,,,CO,CUN,25286,Av. carrera 41 # 74-4 Este,6012879438,contacto@díaz-cárdenas.test,,CT-00279:ZSAL:A,,ZEMP,,,,2023-05-01,2026-09-01
0000300280,ZORG,,Martínez Rincón and Herrera S.A.S.,MARTÍNEZ RINCÓN AND HERRERA,829506743-4,,,CO,BOG,11001,Cl. 7 Bis G # 1-63 Sur,6011689864,contacto@martínez.test,,CT-00280:ZSAL:A,,ZEMP,,,,2023-05-01,2026-09-01
0000300281,ZORG,,Guevara and Sons S.A.,GUEVARA AND SONS,872311544-3,,,CO,ANT,05001,Cr. 168 # 9-77,6011738613,contacto@guevara.test,,CT-00281:ZSAL:A,,ZEMP,,,,2023-05-01,2026-09-01
0000300282,ZPER,X,LuiS,Rentería Díaz,,960411896,1984-05-27,CO,CUN,25286,Avenida Valle del Cauca # 1-65 Sur,3354595948,LUIS.MORENO0@EJEMPLO.TEST,,CR-00282:ZCRE:A,,ZAFI,,,,2024-03-01,2026-09-01
0000300283,ZORG,,LA ESPIGA,LA ESPIGA,857049789-3,,,CO,CUN,25754,Carrera 89 # 9H-81 Este,6017698701,contacto@la.test,,CT-00283:ZSAL:A,,ZEMP,,,,2023-05-01,2026-09-01
0000300284,ZPER,X,Mabel,Rodríguez Rojas,,939394172,1990-04-02,CO,VAL,76001,Carrera 120 Sur # 7-8,3220913724,MABEL.HOYOS5@EJEMPLO.TEST,,CR-H0005:ZCRE:A,,ZAFI,,,,2024-03-01,2026-09-01
0000300285,ZPER,X,Kevin Héctor,Rodríguez Castro,,978957163,1970-04-18,CO,ANT,05001,Calle 91 # 20F-1 Sur,3318166990,KEVIN.ORTIZ6@EJEMPLO.TEST,003,CR-00285:ZCRE:A,,ZAFI,,,,2024-03-01,2026-09-01
0000300286,ZPER,X,Hernán Felix,Díaz Saavedra,,977778835,1950-12-08,CO,VAL,76001,Avenida carrera 37 # 59-84 Sur,3284070799,HERNÁN.FERNÁNDEZ12@EJEMPLO.TEST,002,CR-1001:ZCRE:A;CR-0990:ZCRE:C;EPS-77:ZSAL:A,ZHOT;ZSUP,ZAFI,,,,2024-03-01,2026-09-01
0000300288,ZPER,X,Milena,Vega Domínguez,,953863639,1952-12-05,CO,BOG,11001,Avenida Natalia Ramos Cabrera # 7-8 Sur,3294876871,MILENA.CARDONA14@EJEMPLO.TEST,001,CR-T0014:ZCRE:A,,ZAFI,,,,2024-03-01,2026-09-01
0000300289,ZPER,X,Mónica Carolina,Jaimes Castillo,,,1989-09-13,CO,BOG,11001,Cl. 9Y Bis # 4-59 Sur,3328737447,MÓNICA.LÓPEZ15@EJEMPLO.TEST,,CR-00289:ZCRE:A,,ZAFI,,,,2024-03-01,2026-09-01
0000300290,ZPER,X,Eliecer Óscar,Quiroga García,,984514375,1987-11-11,CO,CUN,25286,Cl. 91D # 9-84 Este,123,ELIECER.MUÑOZ16@EJEMPLO.TEST,,CR-00290:ZCRE:A,,ZAFI,,,,2024-03-01,2026-09-01
