LIFNR,KTOKK,STKZN,NAME1,SORT1,STCD1,STCD2,LAND1,REGIO,ORT01,STRAS,TELF1,SMTP_ADDR,BRSCH,ZZ_TIPO_SOC,LOEVM,ERDAT
0000500001,ZLIE,X,Claudia Paula,Jiménez Medina,,944567839,CO,VAL,76001,Calle 93 # 7-18,3249007110,claudia.gómez69@ejemplo.test,,,,2022-06-15
0000500002,ZLIE,X,Gisela Kelly,Parra Cuesta,,964561458,CO,CUN,25286,Calle 47 # 91-44 Sur,3354644487,gisela.ramírez156@ejemplo.test,,,,2022-06-15
0000500003,ZLIE,X,Margarita Sandra,Arrieta Mosquera,,933233492,CO,BOG,11001,Carrera 3ª # 46-45 Este,3382727155,margarita.caicedo171@ejemplo.test,,,,2022-06-15
0000500004,ZLIE,X,Guillermo Andrés,Mejía Muñoz,,924995584,CO,CUN,25754,Cr. 14 # 8-12 Sur,3195881657,guillermo.vargas192@ejemplo.test,,,,2022-06-15
0000500005,ZLIE,X,Lorenzo Roberto,Quintero Acevedo,,987470323,CO,CUN,25286,Av. carrera 76 # 24N-8 Sur,3272913650,lorenzo.chávez193@ejemplo.test,,,,2022-06-15
0000500006,ZLIE,X,Gloria Patricia,Barrera Velásquez,,987444080,CO,ANT,05001,Av. Arauca # 39-16 Este,3039358070,gloria.forero205@ejemplo.test,,,,2022-06-15
0000500007,ZLIE,X,Ligia Margarita,Sánchez Martínez,,979219547,CO,VAL,76001,Calle 9ª # 5-5,3157320468,ligia.villa236@ejemplo.test,,,,2022-06-15
0000500008,ZLIE,X,Sandra,Vélez Montoya,,956056684,CO,CUN,25286,Cr. 58 # 33Z-34 Este,3379304576,sandra.alfonso238@ejemplo.test,,,,2022-06-15
0000500009,ZLIE,X,Yohana,Gaviria Manrique,,997938267,CO,CUN,25286,Carrera 141 # 4L-40,3284477892,yohana.pabón270@ejemplo.test,,,,2022-06-15
0000500010,ZLIE,X,Cecilia,Calderón Restrepo,,935318698,CO,CUN,25286,Cl. 5 Sur # 56-8,3330826124,cecilia.muñoz286@ejemplo.test,,,,2022-06-15
0000500011,ZLIE,X,Gloria Jenny,Montes Gómez,,969004384,CO,CUN,25286,Cl. 5A # 5-5 Sur,3182447834,gloria.ramírez355@ejemplo.test,,,,2022-06-15
0000500012,ZLIE,X,César Antonio,Bernal Ruiz,,980403389,CO,BOG,11001,Calle 166G # 68-48,3113382144,césar.rueda367@ejemplo.test,,,,2022-06-15
0000500013,ZLIE,X,Cristian Jesús,Parra Rivera,,980038423,CO,VAL,76001,Calle 109Y # 24-7 Este,3175481422,cristian.flórez383@ejemplo.test,,,,2022-06-15
0000500014,ZLIE,X,Kevin Manuel,Rodríguez Vargas,,983726247,CO,BOG,11001,Avenida calle 8ª # 8-73 Sur,3139040281,kevin.orozco410@ejemplo.test,,,,2022-06-15
0000500015,ZLIE,X,Vanessa Luisa,Rodríguez Rodríguez,,980336793,CO,ANT,05001,Cr. 62 # 23-22,3310786492,vanessa.estrada418@ejemplo.test,,,,2022-06-15
0000500016,ZLIE,X,Jorge Luis,García Angulo,,968265051,CO,VAL,76001,Tr. 67 # 1-6 Este,3481357754,jorge.barrera439@ejemplo.test,,,,2022-06-15
0000500017,ZLIE,X,Dolores Yolanda,Correa Bolívar,,949717470,CO,CUN,25286,Calle 146P # 9-82 Este,3410208254,dolores.mora462@ejemplo.test,,,,2022-06-15
0000500018,ZLIE,X,Xiomara Rosalba,Cáceres Villa,,968831755,CO,BOG,11001,Cr. 5ª # 4-72 Sur,3227009473,xiomara.morales482@ejemplo.test,,,,2022-06-15
0000500019,ZLIE,X,Enrique Antonio,Sánchez Mercado,,915604664,CO,VAL,76001,Cl. 168 # 29-5 Este,3476968463,enrique.camargo496@ejemplo.test,,,,2022-06-15
0000500020,ZLIE,X,Carolina Gloria,Vergara Melo,,922689696,CO,ANT,05001,Dg. 117O # 84-82 Este,3388948480,carolina.castro501@ejemplo.test,,,,2022-06-15
0000500021,ZLIE,X,Angélica Valentina,Leal Soto,,983154895,CO,CUN,25286,Calle 89 # 72-94,3155482627,angélica.sierra560@ejemplo.test,,,,2022-06-15
0000500022,ZLIE,X,Andrés,García Cabrera,,982412072,CO,CUN,25286,Calle 173D # 80-1 Sur,3255527812,andrés.jaimes650@ejemplo.test,,,,2022-06-15
0000500023,ZLIE,X,Leonardo,Burbano Carrillo,,990524931,CO,BOG,11001,Calle 77H # 2-4,3072385292,leonardo.torres656@ejemplo.test,,,,2022-06-15
0000500024,ZLIE,X,Maira Rita,Ramírez Benavides,,922031496,CO,VAL,76001,Diagonal 188P # 7-62,3021687583,maira.álvarez708@ejemplo.test,,,,2022-06-15
0000500025,ZLIE,X,Erick Camilo,Peña Mosquera,,954434348,CO,CUN,25286,Cr. 151 # 6-6,3190616002,erick.ruiz741@ejemplo.test,,,,2022-06-15
0000500026,ZLIE,X,Juan Juan,Morales Pineda,,996185105,CO,CUN,25286,Carrera 189R # 22Z-7,3481180186,juan.álvarez754@ejemplo.test,,,,2022-06-15
0000500027,ZLIE,X,Edilson Milton,Fernández Rincón,,931195547,CO,ANT,05001,Av. carrera 191 # 6B-31 Sur,3495981323,edilson.angarita770@ejemplo.test,,,,2022-06-15
0000500028,ZLIE,,Jaimes-Giraldo S.A.S.,JAIMES-GIRALDO,868799924-9,,CO,CUN,25754,Tr. 83 # 57-4,6013061420,proveedores@jaimes-giraldo.test,G471,SAS,,2022-01-15
0000500029,ZLIE,,Guzmán Acosta and Muñoz Ltda.,GUZMÁN ACOSTA AND MUÑOZ,845767653-7,,CO,CUN,25754,Carrera 2C # 80-67 Sur,6013157796,proveedores@guzmán.test,K649,LTDA,,2022-01-15
0000500030,ZLIE,,Suárez-Mora Ltda.,SUÁREZ-MORA,892778281-9,,CO,CUN,25286,Av. María María González Zapata # 9O-5 Sur,6017975639,proveedores@suárez-mora.test,Q861,LTDA,,2022-01-15
0000500031,ZLIE,,Fundación Arévalo-Jiménez,ARÉVALO-JIMÉNEZ,883565985-8,,CO,CUN,25754,Cr. 2ª # 40-5,6018089284,proveedores@arévalo-jiménez.test,Q861,ESAL,,2022-01-15
0000500032,ZLIE,,Fundación Giraldo-Mejía,GIRALDO-MEJÍA,832350985-9,,CO,VAL,76001,Av. Valle del Cauca # 7-4 Este,6015025787,proveedores@giraldo-mejía.test,G471,ESAL,,2022-01-15
0000500033,ZLIE,,Gallego LLC S.A.,GALLEGO LLC,887501519-9,,CO,VAL,76001,Cr. 11 # 7-68,6015742666,proveedores@gallego.test,G471,SA,,2022-01-15
0000500034,ZLIE,,Osorio Rojas and Triana S.A.,OSORIO ROJAS AND TRIANA,885818089-8,,CO,ANT,05001,Tr. 99 # 1-10 Este,6014891695,proveedores@osorio.test,G471,SA,,2022-01-15
0000500035,ZLIE,,Pérez-Rivera Ltda.,PÉREZ-RIVERA,868176427-6,,CO,CUN,25286,Cr. 69 # 3-1 Este,6013169775,proveedores@pérez-rivera.test,P852,LTDA,,2022-01-15
0000500036,ZLIE,,Fundación Rojas and Sons,ROJAS AND SONS,853342662-8,,CO,BOG,11001,Transversal 8M # 75-34 Este,6011192641,proveedores@rojas.test,Q861,ESAL,,2022-01-15
0000500037,ZLIE,,Ceballos LLC Ltda.,CEBALLOS LLC,897106047-7,,CO,CUN,25754,Cl. 9 Este # 11-7 Sur,6019716720,proveedores@ceballos.test,I551,LTDA,,2022-01-15
0000500038,ZLIE,,López-Alfonso S.A.,LÓPEZ-ALFONSO,852991491-5,,CO,VAL,76001,Avenida calle 183 # 9Z-5 Sur,6013767305,proveedores@lópez-alfonso.test,I551,SA,,2022-01-15
0000500039,ZLIE,,Gamboa Inc S.A.,GAMBOA INC,848043705-5,,CO,CUN,25286,Calle 32 # 74-70,6012790101,proveedores@gamboa.test,G471,SA,,2022-01-15
0000500040,ZLIE,,Pineda Ltd S.A.S.,PINEDA LTD,828783746-9,,CO,CUN,25754,Avenida Guasca # 68-86 Sur,6016772618,proveedores@pineda.test,P852,SAS,,2022-01-15
0000500041,ZLIE,,Pinzón Group Ltda.,PINZÓN GROUP,814035587-5,,CO,ANT,05001,Diagonal 85R # 8R-13,6018827536,proveedores@pinzón.test,I551,LTDA,,2022-01-15
0000500042,ZLIE,,Osorio Inc S.A.,OSORIO INC,844180820-6,,CO,ANT,05001,Avenida Vaupés # 8-9 Sur,6011633041,proveedores@osorio.test,P852,SA,,2022-01-15
0000500043,ZLIE,,Fundación Contreras Inc,CONTRERAS INC,891920462-1,,CO,VAL,76001,Calle 6F # 69-62 Sur,6013924074,proveedores@contreras.test,P852,ESAL,,2022-01-15
0000500044,ZLIE,,Sierra Caicedo and Carvajal S.A.,SIERRA CAICEDO AND CARVAJAL,867533818-0,,CO,ANT,05001,Carrera 176 # 54-71 Este,6014673979,proveedores@sierra.test,Q861,SA,,2022-01-15
0000500045,ZLIE,,Montenegro Pérez and Mosquera S.A.,MONTENEGRO PÉREZ AND MOSQUERA,860952754-1,,CO,ANT,05001,Cl. 58 # 7-64 Este,6019128583,proveedores@montenegro.test,I551,SA,,2022-01-15
0000500046,ZLIE,,Navarro Group S.A.S.,NAVARRO GROUP,832258053-7,,CO,VAL,76001,Cl. 90 # 20X-86,6016317594,proveedores@navarro.test,Q861,SAS,,2022-01-15
0000500047,ZLIE,,Jiménez and Sons Ltda.,JIMÉNEZ AND SONS,849134643-1,,CO,VAL,76001,Cl. 75 # 5J-2 Sur,6013707578,proveedores@jiménez.test,Q861,LTDA,,2022-01-15
0000500048,ZLIE,,Vanegas Hernández and Díaz S.A.S.,VANEGAS HERNÁNDEZ AND DÍAZ,885199121-9,,CO,ANT,05001,Av. carrera 19 # 6-8 Este,6017331494,proveedores@vanegas.test,P852,SAS,,2022-01-15
0000500049,ZLIE,,Acosta Vargas and Villegas S.A.,ACOSTA VARGAS AND VILLEGAS,813558363-3,,CO,CUN,25754,Cl. 59I # 13-41 Este,6011309934,proveedores@acosta.test,Q861,SA,,2022-01-15
0000500050,ZLIE,,Garzón-Velásquez S.A.,GARZÓN-VELÁSQUEZ,873529346-2,,CO,ANT,05001,Cr. 44 # 86-6,6018867713,proveedores@garzón-velásquez.test,I551,SA,,2022-01-15
0000500051,ZLIE,,Gómez-Hernández S.A.,GÓMEZ-HERNÁNDEZ,833633020-6,,CO,CUN,25286,Cr. 62 # 81-33,6015751237,proveedores@gómez-hernández.test,K649,SA,,2022-01-15
0000500052,ZLIE,,Zambrano-Muñoz S.A.,ZAMBRANO-MUÑOZ,858445380-7,,CO,CUN,25754,Av. calle 56 # 99P-45 Sur,6014492375,proveedores@zambrano-muñoz.test,K649,SA,,2022-01-15
0000500053,ZLIE,,Rivera PLC Ltda.,RIVERA PLC,871686518-7,,CO,ANT,05001,Carrera 42 # 49V-9 Sur,6014357449,proveedores@rivera.test,I551,LTDA,,2022-01-15
0000500054,ZLIE,,Vásquez Group Ltda.,VÁSQUEZ GROUP,890406129-4,,CO,BOG,11001,Calle 128 # 16-6,6016861895,proveedores@vásquez.test,I551,LTDA,,2022-01-15
0000500055,ZLIE,,Guerrero Alzate and Contreras S.A.S.,GUERRERO ALZATE AND CONTRERAS,895449340-5,,CO,CUN,25754,Cl. 23 # 6Q-90 Sur,6017965040,proveedores@guerrero.test,Q861,SAS,,2022-01-15
0000500056,ZLIE,,Salazar García and Pineda S.A.S.,SALAZAR GARCÍA AND PINEDA,872136322-5,,CO,VAL,76001,Avenida carrera 1ª # 3-3 Este,6011581198,proveedores@salazar.test,K649,SAS,,2022-01-15
0000500057,ZLIE,,Caicedo Guerrero and Pérez S.A.S.,CAICEDO GUERRERO AND PÉREZ,837453657-9,,CO,CUN,25754,Avenida calle 2ª # 5-4,6016604701,proveedores@caicedo.test,P852,SAS,,2022-01-15
0000500058,ZLIE,,Paz-Bastidas S.A.,PAZ-BASTIDAS,833336003-7,,CO,VAL,76001,Cl. 54 # 22-54 Sur,6015268844,proveedores@paz-bastidas.test,K649,SA,,2022-01-15
0000500059,ZLIE,,Herrera Inc S.A.S.,HERRERA INC,818629761-5,,CO,CUN,25286,Cr. 2ª # 8Z-8 Este,6015688160,proveedores@herrera.test,G471,SAS,,2022-01-15
0000500060,ZLIE,,Bolaños-Salcedo S.A.S.,BOLAÑOS-SALCEDO,873130428-3,,CO,BOG,11001,Calle 127 # 52-90 Sur,6017601114,proveedores@bolaños-salcedo.test,P852,SAS,,2022-01-15
0000500061,ZLIE,,Sánchez PLC S.A.,SÁNCHEZ PLC,869202292-4,,CO,VAL,76001,Transversal 46 # 70-7,6011156779,proveedores@sánchez.test,I551,SA,,2022-01-15
0000500062,ZLIE,,Rojas Flórez and Rodríguez Ltda.,ROJAS FLÓREZ AND RODRÍGUEZ,896192817-4,,CO,BOG,11001,Carrera 53 # 5-5 Sur,6016127328,proveedores@rojas.test,G471,LTDA,,2022-01-15
0000500063,ZLIE,,Fundación Posada LLC,POSADA LLC,813204252-5,,CO,CUN,25286,Cl. 87 # 19-32 Este,6015101715,proveedores@posada.test,G471,ESAL,,2022-01-15
0000500064,ZLIE,,Fundación Bautista-Sánchez,BAUTISTA-SÁNCHEZ,854108364-1,,CO,ANT,05001,Carrera 199N Bis # 1-2 Este,6012046221,proveedores@bautista-sánchez.test,Q861,ESAL,,2022-01-15
0000500065,ZLIE,,Fundación Niño-Martínez,NIÑO-MARTÍNEZ,835495268-1,,CO,CUN,25286,Calle 1N # 5-75 Este,6016616321,proveedores@niño-martínez.test,G471,ESAL,,2022-01-15
0000500066,ZLIE,,Forero Moreno and Pérez S.A.,FORERO MORENO AND PÉREZ,883427820-0,,CO,CUN,25286,Cl. 94 # 90-45,6013297547,proveedores@forero.test,I551,SA,,2022-01-15
0000500067,ZLIE,,Ávila-Mosquera S.A.,ÁVILA-MOSQUERA,810065805-1,,CO,ANT,05001,Transversal 95 # 7-74 Sur,6014502288,proveedores@ávila-mosquera.test,G471,SA,,2022-01-15
0000500068,ZLIE,,López Arrieta and Ramírez S.A.,LÓPEZ ARRIETA AND RAMÍREZ,889513514-1,,CO,VAL,76001,Dg. 5ª # 2O-8 Este,6012864033,proveedores@lópez.test,I551,SA,,2022-01-15
0000500069,ZLIE,,Martínez LLC Ltda.,MARTÍNEZ LLC,867460203-7,,CO,CUN,25754,Avenida Sofía Rocío Hernández Blanco # 72-6 Sur,6015008983,proveedores@martínez.test,I551,LTDA,,2022-01-15
0000500070,ZLIE,,Rojas-Prieto S.A.S.,ROJAS-PRIETO,816705096-3,,CO,CUN,25286,Calle 136 # 5-2 Este,6013680910,proveedores@rojas-prieto.test,G471,SAS,,2022-01-15
0000500071,ZLIE,,Ramírez Benavides and Alzate Ltda.,RAMÍREZ BENAVIDES AND ALZATE,891250272-1,,CO,ANT,05001,Cl. 86 # 8W-89 Sur,6017669921,proveedores@ramírez.test,K649,LTDA,,2022-01-15
0000500072,ZLIE,,Castro LLC S.A.,CASTRO LLC,832253784-1,,CO,BOG,11001,Cl. 17 # 3-1 Sur,6011583226,proveedores@castro.test,P852,SA,,2022-01-15
0000500073,ZLIE,,Gómez Inc Ltda.,GÓMEZ INC,844067749-8,,CO,VAL,76001,Dg. 9Q # 7T-16,6014238026,proveedores@gómez.test,I551,LTDA,,2022-01-15
0000500074,ZLIE,,Gómez PLC S.A.S.,GÓMEZ PLC,843586158-8,,CO,ANT,05001,Calle 3ª # 51-17,6019742151,proveedores@gómez.test,G471,SAS,,2022-01-15
0000500075,ZLIE,,Forero PLC S.A.,FORERO PLC,829161052-0,,CO,ANT,05001,Diagonal 70 # 8-68 Este,6011521638,proveedores@forero.test,G471,SA,,2022-01-15
0000500076,ZLIE,,Sandoval Jiménez and Suárez S.A.S.,SANDOVAL JIMÉNEZ AND SUÁREZ,817233272-0,,CO,VAL,76001,Cr. 15V # 91-4 Sur,6013401154,proveedores@sandoval.test,K649,SAS,,2022-01-15
0000500077,ZLIE,,Camacho Ríos and Martínez S.A.S.,CAMACHO RÍOS AND MARTÍNEZ,822113011-9,,CO,BOG,11001,Cl. 84 # 87R-88 Sur,6018516929,proveedores@camacho.test,K649,SAS,,2022-01-15
0000500078,ZLIE,,Ballesteros LLC S.A.,BALLESTEROS LLC,819470571-0,,CO,BOG,11001,Calle 84 # 2-99,6018034168,proveedores@ballesteros.test,P852,SA,,2022-01-15
0000500079,ZLIE,,Sánchez Inc Ltda.,SÁNCHEZ INC,848302219-9,,CO,BOG,11001,Tr. 66F # 8-73 Sur,6011747507,proveedores@sánchez.test,K649,LTDA,,2022-01-15
0000500080,ZLIE,,Castillo Tovar and Beltrán S.A.,CASTILLO TOVAR AND BELTRÁN,865292911-5,,CO,ANT,05001,Calle 7A # 2-81 Sur,6019998866,proveedores@castillo.test,K649,SA,,2022-01-15
0000500081,ZLIE,,Parada and Sons S.A.S.,PARADA AND SONS,820736319-8,,CO,VAL,76001,Carrera 7ª # 75-47 Sur,6017562399,proveedores@parada.test,K649,SAS,,2022-01-15
0000500082,ZLIE,,Castrillón-Zapata Ltda.,CASTRILLÓN-ZAPATA,871352697-3,,CO,VAL,76001,Avenida carrera 3ª # 6-8 Sur,6019487147,proveedores@castrillón-zapata.test,Q861,LTDA,,2022-01-15
0000500083,ZLIE,,Pérez Díaz and Delgado S.A.,PÉREZ DÍAZ AND DELGADO,857969545-0,,CO,BOG,11001,Cr. 140E Bis H # 24-2 Sur,6013253261,proveedores@pérez.test,G471,SA,,2022-01-15
0000500084,ZLIE,,Fundación Triana Ltd,TRIANA LTD,877512877-1,,CO,ANT,05001,Carrera 58 # 9-32 Sur,6013372460,proveedores@triana.test,G471,ESAL,,2022-01-15
0000500085,ZLIE,,Fundación Camargo Marín and Erazo,CAMARGO MARÍN AND ERAZO,846743442-1,,CO,VAL,76001,Cr. 37 # 6-51 Sur,6011738065,proveedores@camargo.test,G471,ESAL,,2022-01-15
0000500086,ZLIE,,Fundación Mora Barragán and López,MORA BARRAGÁN AND LÓPEZ,899186067-3,,CO,BOG,11001,Calle 26 Bis # 8-8 Este,6013037863,proveedores@mora.test,Q861,ESAL,,2022-01-15
0000500087,ZLIE,,Cruz-Ramírez S.A.S.,CRUZ-RAMÍREZ,855297328-7,,CO,CUN,25754,Carrera 126 # 4-80 Este,6012982129,proveedores@cruz-ramírez.test,P852,SAS,,2022-01-15
0000500088,ZLIE,,Rivera-Benavides S.A.,RIVERA-BENAVIDES,857351885-6,,CO,CUN,25754,Calle 6ª # 7-69,6013121661,proveedores@rivera-benavides.test,I551,SA,,2022-01-15
0000500089,ZLIE,,Trujillo Salazar and Suárez Ltda.,TRUJILLO SALAZAR AND SUÁREZ,823288412-3,,CO,VAL,76001,Carrera 61 # 1-87,6011710231,proveedores@trujillo.test,K649,LTDA,,2022-01-15
0000500090,ZLIE,,Pardo-Cuéllar S.A.,PARDO-CUÉLLAR,870998241-8,,CO,BOG,11001,Calle 20K Bis B # 35B-8 Este,6016376499,proveedores@pardo-cuéllar.test,K649,SA,,2022-01-15
0000500091,ZLIE,,Villamizar Romero and Martínez Ltda.,VILLAMIZAR ROMERO AND MARTÍNEZ,866210712-9,,CO,ANT,05001,Dg. 22 # 1-3 Este,6015128819,proveedores@villamizar.test,G471,LTDA,,2022-01-15
0000500092,ZLIE,,Bolívar-Ardila S.A.S.,BOLÍVAR-ARDILA,818730184-6,,CO,ANT,05001,Carrera 46 # 71P-7,6015717107,proveedores@bolívar-ardila.test,K649,SAS,,2022-01-15
0000500093,ZLIE,,Valencia-Sánchez S.A.,VALENCIA-SÁNCHEZ,836543285-5,,CO,VAL,76001,Diagonal 14 # 56-10,6013109723,proveedores@valencia-sánchez.test,I551,SA,,2022-01-15
0000500094,ZLIE,,Oviedo López and Gil Ltda.,OVIEDO LÓPEZ AND GIL,811277682-4,,CO,CUN,25754,Cr. 67 # 6-13 Sur,6017491239,proveedores@oviedo.test,I551,LTDA,,2022-01-15
0000500095,ZLIE,,Torres-Chaparro S.A.,TORRES-CHAPARRO,887174847-6,,CO,BOG,11001,Carrera 89Q # 24-5 Este,6018956474,proveedores@torres-chaparro.test,I551,SA,,2022-01-15
0000500096,ZLIE,,Zuluaga Bustamante and Díaz Ltda.,ZULUAGA BUSTAMANTE AND DÍAZ,897705550-0,,CO,VAL,76001,Av. Boyacá # 9E-32 Este,6011724354,proveedores@zuluaga.test,Q861,LTDA,,2022-01-15
0000500097,ZLIE,,Fundación López-Camacho,LÓPEZ-CAMACHO,880053774-2,,CO,VAL,76001,Calle 98 # 5-67 Sur,6013847218,proveedores@lópez-camacho.test,Q861,ESAL,,2022-01-15
0000500098,ZLIE,,Fundación González Correa and Rodríguez,GONZÁLEZ CORREA AND RODRÍGUEZ,867731970-1,,CO,CUN,25286,Calle 1C Bis # 42-58 Este,6018955614,proveedores@gonzález.test,I551,ESAL,,2022-01-15
0000500099,ZLIE,,García PLC Ltda.,GARCÍA PLC,840773382-2,,CO,CUN,25286,Avenida carrera 125 # 4K-7 Este,6014473232,proveedores@garcía.test,I551,LTDA,,2022-01-15
0000500100,ZLIE,,León Castillo and Martínez S.A.S.,LEÓN CASTILLO AND MARTÍNEZ,856047460-3,,CO,VAL,76001,Cl. 45H Bis T # 19T-6,6014734349,proveedores@león.test,K649,SAS,,2022-01-15
0000500101,ZLIE,,La Espiga S.A.S.,LA ESPIGA,857049789-3,,CO,CUN,25754,Carrera 89 # 9H-81 Este,6012609193,proveedores@la.test,I551,SAS,,2022-01-15
0000500102,ZLIE,,García Bermúdez and Vásquez Ltda.,GARCÍA BERMÚDEZ AND VÁSQUEZ,855013468-2,,CO,BOG,11001,Av. carrera 118 # 60M-7,6019002260,proveedores@garcía.test,I551,LTDA,,2022-01-15
