personIdExternal,firstName,middleName,lastName,secondLastName,gender,dateOfBirth,nationalIdType,nationalId,email,cellPhone,employmentStatus,terminationReason,hireDate,division,city,street,lastModifiedDateTime
00010001,Carlos,,Barrios,Suárez,M,1976-08-06,CC,936917113,carlos.cantillo40@ejemplo.test,3299389598,A,,1998-08-01,CRE,05001,Cl. 6ª # 9M-27,2026-09-01T02:00:00
00010002,Alberto,Alfredo,Saavedra,Zambrano,M,1959-08-25,CC,918449411,alberto.martínez43@ejemplo.test,3362654382,A,,1981-08-19,SAL,76001,Avenida carrera 168 # 51-69 Sur,2026-09-01T02:00:00
00010003,Sonia,Pilar,Caballero,Guerrero,F,1960-12-28,PAS,924443198,sonia.sánchez47@ejemplo.test,3026456059,A,,1982-12-23,HOT,76001,Avenida Caballero # 99M-3 Sur,2026-09-01T02:00:00
00010004,Edwin,,Álvarez,Gutiérrez,M,1973-11-26,CC,959566988,edwin.ardila48@ejemplo.test,3227445404,A,,1995-11-21,SAL,25286,Calle 27 # 6-9,2026-09-01T02:00:00
00010005,Amalia,,Pedraza,Velásquez,F,1993-11-18,CC,979664345,amalia.calderón51@ejemplo.test,3420717758,A,,2015-11-13,VIV,25754,Transversal 26 # 1-1 Este,2026-09-01T02:00:00
00010006,Patricia,Rosa,Bedoya,Rojas,F,1996-05-24,CC,998898216,patricia.toro55@ejemplo.test,3469813661,A,,2018-05-19,SAL,25286,Av. carrera 7ª # 97K-9 Este,2026-09-01T02:00:00
00010007,Pedro,Vicente,Henao,González,M,1985-01-27,CC,936623245,pedro.gómez59@ejemplo.test,3437627729,A,,2007-01-22,MER,05001,Carrera 79 # 52-16 Sur,2026-09-01T02:00:00
00010008,Luis,Jesús,Torres,Ramírez,M,2001-11-01,CE,963291989,luis.barreto66@ejemplo.test,3135181542,A,,2023-10-27,EDU,25286,Cr. 3ª # 95-8 Este,2026-09-01T02:00:00
00010009,Julieth,Ana,Agudelo,García,F,2003-12-05,CC,915515666,julieth.andrade67@ejemplo.test,3039632728,A,,2025-11-29,EDU,11001,Cl. 121 # 71-10 Este,2026-09-01T02:00:00
00010010,Maritza,Julia,Romero,Rubio,F,1992-01-01,CC,932556645,maritza.arboleda72@ejemplo.test,3359511683,A,,2013-12-26,REC,76001,Avenida calle 128 # 9P-1 Sur,2026-09-01T02:00:00
00010011,Paola,,Jaramillo,Moreno,F,2006-11-04,CC,982477662,paola.rodríguez78@ejemplo.test,3162130041,A,,2028-10-29,MER,11001,Avenida Ortega # 15-1 Este,2026-09-01T02:00:00
00010012,Yesid,Jaime,Pulido,Fuentes,M,1942-04-14,CC,926123576,yesid.álvarez83@ejemplo.test,3462083746,A,,1964-04-08,MER,11001,Cl. 74 # 5-29 Este,2026-09-01T02:00:00
00010013,José,Miguel,Rodríguez,Hernández,M,1982-06-02,CE,911294737,josé.muñoz84@ejemplo.test,3098148118,A,,2004-05-27,REC,05001,Carrera 58 # 3-3 Este,2026-09-01T02:00:00
00010014,Luz,,Gómez,Velandia,F,2001-08-31,CE,927759443,luz.reyes85@ejemplo.test,3326252947,A,,2023-08-26,CRE,11001,Carrera 54 # 7-37 Este,2026-09-01T02:00:00
00010015,Adolfo,,López,González,M,1990-04-02,CC,968817459,adolfo.cruz87@ejemplo.test,3329508446,A,,2012-03-27,SUB,05001,Carrera 22 # 95-3 Este,2026-09-01T02:00:00
00010016,Carmen,Carmen,Sandoval,Córdoba,F,1941-10-22,CC,970893977,carmen.vargas88@ejemplo.test,3210998609,A,,1963-10-17,HOT,05001,Diagonal 90 # 2S-1 Este,2026-09-01T02:00:00
00010017,Teresa,,Montoya,Morales,F,1987-09-24,CC,982197052,teresa.lópez90@ejemplo.test,3239286720,A,,2009-09-18,REC,25754,Cr. 10 # 1-34 Sur,2026-09-01T02:00:00
00010018,Milena,Johanna,González,Forero,F,2006-04-07,CC,963926135,milena.jiménez95@ejemplo.test,3080579345,A,,2028-04-01,SUB,05001,Avenida carrera 2ª # 8-7 Este,2026-09-01T02:00:00
00010019,Óscar,Víctor,Cárdenas,Parra,M,1981-09-19,CC,918804972,óscar.camargo99@ejemplo.test,3336889392,A,,2003-09-14,SUB,11001,Carrera 43 # 6-2 Este,2026-09-01T02:00:00
00010020,Enrique,,Mena,Espinosa,M,1966-04-02,CC,953106215,enrique.jaramillo103@ejemplo.test,3217168380,A,,1988-03-27,CRE,05001,Avenida carrera 1ª # 2F-3 Sur,2026-09-01T02:00:00
00010021,Lizeth,,Meneses,Aguirre,F,1944-02-16,CC,912759718,lizeth.patiño106@ejemplo.test,3499003945,A,,1966-02-10,REC,05001,Dg. 27 # 1-7,2026-09-01T02:00:00
00010022,Yeison,Augusto,Hernández,Rincón,M,1997-01-17,CC,931869845,yeison.ariza107@ejemplo.test,3090608677,A,,2019-01-12,EDU,05001,Calle 14 # 5-4,2026-09-01T02:00:00
00010023,Kevin,Eliecer,Herrera,Bedoya,M,1953-09-21,CC,960525899,kevin.suárez108@ejemplo.test,3071128507,A,,1975-09-16,REC,25754,Cr. 190 # 2-11 Este,2026-09-01T02:00:00
00010024,Héctor,,Hernández,García,M,1977-02-03,CC,990348131,héctor.pedraza112@ejemplo.test,3421025565,A,,1999-01-29,EDU,05001,Transversal 159 # 78-5 Este,2026-09-01T02:00:00
00010025,Samuel,,Correa,Martínez,M,2003-07-29,CC,944234909,samuel.castro119@ejemplo.test,3283345884,A,,2025-07-23,EDU,25754,Cl. 7O # 9Y-4 Sur,2026-09-01T02:00:00
00010026,Concepción,María,Suárez,Rojas,F,1951-04-10,CC,936492047,concepción.bernal129@ejemplo.test,3421521395,A,,1973-04-04,CRE,25754,Calle 8 Bis V # 5-52,2026-09-01T02:00:00
00010027,Carlos,,Muñoz,Cortés,M,1949-04-30,CC,955019238,carlos.álvarez131@ejemplo.test,3023183455,A,,1971-04-25,SAL,25754,Calle 74 # 3-2,2026-09-01T02:00:00
00010028,Milena,,Cardona,Arenas,F,1971-03-19,CC,984193179,milena.díaz134@ejemplo.test,3166950317,A,,1993-03-13,MER,76001,Calle 86M Este # 80-6 Sur,2026-09-01T02:00:00
00010029,Sergio,Luis,Leal,Mendoza,M,1993-03-08,CC,944013332,sergio.rodríguez137@ejemplo.test,3012454018,A,,2015-03-03,EDU,76001,Av. carrera 8ª # 42Q-2,2026-09-01T02:00:00
00010030,Camilo,,López,Gómez,M,1994-09-05,CC,917268324,camilo.ramírez138@ejemplo.test,3272127248,A,,2016-08-30,CRE,25754,Carrera 75Y Bis H # 55-2,2026-09-01T02:00:00
00010031,Joaquín,Andrés,Camacho,Rodríguez,M,1973-02-03,CC,979477513,joaquín.cabrera142@ejemplo.test,3133738739,A,,1995-01-29,REC,05001,Carrera 2Y # 98G-27,2026-09-01T02:00:00
00010032,Elsa,Luz,Meneses,Camargo,F,1972-09-13,PAS,943677491,elsa.vásquez145@ejemplo.test,3088972193,A,,1994-09-08,VIV,25286,Carrera 9ª # 52-35 Sur,2026-09-01T02:00:00
00010033,Jhon,Rafael,Valencia,Becerra,M,1995-11-23,CC,915825444,jhon.sepúlveda147@ejemplo.test,3040672370,A,,2017-11-17,SAL,25286,Cl. 172 # 6I-92 Este,2026-09-01T02:00:00
00010034,Dary,María,Martínez,Martínez,F,1980-04-29,CC,934099649,dary.rodríguez151@ejemplo.test,3251095695,A,,2002-04-24,CRE,11001,Cl. 75 # 5-3 Este,2026-09-01T02:00:00
00010035,Jorge,Alberto,Torres,Bohórquez,M,1981-07-22,CC,988394119,jorge.sarmiento152@ejemplo.test,3368332596,A,,2003-07-17,SUB,25754,Avenida calle 161 # 3-7 Este,2026-09-01T02:00:00
00010036,Tania,,Carvajal,García,F,1986-06-07,CC,923764593,tania.ruiz159@ejemplo.test,3428040007,A,,2008-06-01,VIV,76001,Dg. 8ª # 6Q-3 Este,2026-09-01T02:00:00
00010037,Alcira,,Pérez,Jaramillo,F,1982-08-02,CC,995341081,alcira.jaimes162@ejemplo.test,3088258771,A,,2004-07-27,MER,25286,Avenida Viterbo # 8-6,2026-09-01T02:00:00
00010038,Jean,José,Cruz,Ortiz,M,1942-07-23,CC,953726807,jean.meza166@ejemplo.test,3013223646,A,,1964-07-17,VIV,25286,Cr. 185J Sur # 6-70,2026-09-01T02:00:00
00010039,Ángel,,Ríos,Camacho,M,1968-06-28,CC,924970866,ángel.zambrano167@ejemplo.test,3380543537,A,,1990-06-23,EDU,25286,Carrera 48C # 60-3 Este,2026-09-01T02:00:00
00010040,Adriana,Margarita,Camargo,León,F,1975-06-23,CC,972213087,adriana.osorio169@ejemplo.test,3472522260,A,,1997-06-17,EDU,05001,Av. Córdoba # 65-13 Sur,2026-09-01T02:00:00
00010041,José,Edgar,Jaimes,Morales,M,1957-07-13,CC,925833245,josé.ortiz172@ejemplo.test,3447993698,A,,1979-07-08,HOT,25286,Cl. 56 # 99-7,2026-09-01T02:00:00
00010042,José,,Correa,Sierra,M,1983-05-01,CC,917697623,josé.ortiz174@ejemplo.test,3355917273,A,,2005-04-25,EDU,05001,Carrera 5ª # 93-3 Sur,2026-09-01T02:00:00
00010043,Luisa,Manuela,Lozano,Ocampo,F,1970-09-07,CC,936371067,luisa.soto175@ejemplo.test,3181409032,A,,1992-09-01,EDU,25286,Cl. 130 # 43-4 Sur,2026-09-01T02:00:00
00010044,Enrique,Andrés,Gómez,Díaz,M,1969-12-13,CC,993516672,enrique.lópez176@ejemplo.test,3047149148,A,,1991-12-08,HOT,05001,Carrera 190 # 2-53 Este,2026-09-01T02:00:00
00010045,María,,Hernández,Rojas,F,1983-07-12,CC,941170537,maría.sánchez181@ejemplo.test,3025302589,A,,2005-07-06,REC,05001,Cr. 93 # 9X-51,2026-09-01T02:00:00
00010046,Arley,Enrique,Ramos,Benítez,M,1997-01-19,CC,927696113,arley.vargas189@ejemplo.test,3262142074,A,,2019-01-14,SAL,11001,Cl. 63 # 71-3 Este,2026-09-01T02:00:00
00010047,Edilma,,Mora,Rodríguez,F,1978-02-21,CC,914153065,edilma.rodríguez194@ejemplo.test,3160789113,A,,2000-02-16,SAL,11001,Carrera 8ª # 94-9,2026-09-01T02:00:00
00010048,Mónica,Gloria,Rico,Rojas,F,1994-04-18,CC,977901426,mónica.suárez195@ejemplo.test,3181725098,A,,2016-04-12,SAL,11001,Cl. 114 # 4-20,2026-09-01T02:00:00
00010049,Roberto,,Ardila,Rueda,M,1949-11-23,CC,910849995,roberto.correa196@ejemplo.test,3323668975,A,,1971-11-18,VIV,05001,Transversal 193J # 25-8,2026-09-01T02:00:00
00010050,Clara,,Gómez,Ardila,F,1959-07-31,CC,935751790,clara.bonilla199@ejemplo.test,3154910202,A,,1981-07-25,REC,25754,Cl. 71 # 2-2 Este,2026-09-01T02:00:00
00010051,Yolanda,,Beltrán,Cáceres,F,1985-08-04,PAS,968388564,yolanda.pedraza200@ejemplo.test,3292621495,A,,2007-07-30,REC,25754,Cl. 23S Este # 2-27 Sur,2026-09-01T02:00:00
00010052,Jhon,Rafael,Mena,Castillo,M,2004-12-29,CC,920271382,jhon.sierra206@ejemplo.test,3156995491,A,,2026-12-24,CRE,11001,Calle 54 # 7-3,2026-09-01T02:00:00
00010053,Rocío,Fabiola,Duque,Cano,F,1948-10-06,CC,974887192,rocío.espinosa208@ejemplo.test,3057040397,A,,1970-10-01,EDU,11001,Carrera 118I # 5-1 Este,2026-09-01T02:00:00
00010054,María,,Suárez,Cerón,F,1969-05-14,PPT,938673682,maría.sarmiento210@ejemplo.test,3177093174,A,,1991-05-09,EDU,11001,Carrera 11F # 7-78 Este,2026-09-01T02:00:00
00010055,Darwin,Julio,Moreno,Jiménez,M,1956-12-23,CC,974176647,darwin.montoya211@ejemplo.test,3344989714,A,,1978-12-18,MER,76001,Calle 4 Bis # 62-2 Sur,2026-09-01T02:00:00
00010056,Beatriz,,Bustos,Gómez,F,1997-09-07,CC,992673307,beatriz.giraldo214@ejemplo.test,3436690338,A,,2019-09-02,REC,25286,Calle 50O # 77-33 Sur,2026-09-01T02:00:00
00010057,Ángel,Marino,Herrera,Pérez,M,1951-03-17,CE,936587764,ángel.bonilla215@ejemplo.test,3042486874,A,,1973-03-11,SAL,05001,Cl. 93G # 68-30 Este,2026-09-01T02:00:00
00010058,Brayan,,Méndez,Hernández,M,1999-02-02,CE,928389664,brayan.peña223@ejemplo.test,3121567999,A,,2021-01-27,EDU,76001,Av. calle 7ª # 24-9,2026-09-01T02:00:00
00010059,Hernán,Isidro,Villamil,Giraldo,M,1996-09-18,CC,984598877,hernán.flórez224@ejemplo.test,3465658002,A,,2018-09-13,HOT,05001,Cr. 3ª # 54-8,2026-09-01T02:00:00
00010060,Andrés,,Martínez,Cruz,M,1980-03-30,CC,944837093,andrés.cantillo225@ejemplo.test,3244197905,A,,2002-03-25,CRE,25754,Carrera 189 Bis N # 45-7 Este,2026-09-01T02:00:00
00010061,Antonio,,Hurtado,Rodríguez,M,1965-02-09,CC,982841107,antonio.alfonso227@ejemplo.test,3273009629,A,,1987-02-04,SAL,76001,Carrera 4ª # 38-6 Sur,2026-09-01T02:00:00
00010062,José,,Ramírez,López,M,1945-06-28,CC,954700684,josé.rojas228@ejemplo.test,3296338340,A,,1967-06-23,VIV,25286,Dg. 3ª # 78C-52 Sur,2026-09-01T02:00:00
00010063,Claudia,,González,Cárdenas,F,1967-06-21,CC,913585309,claudia.ospino229@ejemplo.test,3479688600,A,,1989-06-15,VIV,25286,Avenida carrera 95 # 8-17 Sur,2026-09-01T02:00:00
00010064,Antonio,Estiven,Ramírez,Cortés,M,1950-08-24,CC,941305210,antonio.páez233@ejemplo.test,3172152859,A,,1972-08-18,VIV,25286,Carrera 9E # 66-5,2026-09-01T02:00:00
00010065,Fernando,Alexis,Pérez,Díaz,M,2007-12-24,CC,944433689,fernando.rodríguez242@ejemplo.test,3130186905,A,,2029-12-18,MER,05001,Carrera 29 # 2-3 Este,2026-09-01T02:00:00
00010066,Juan,Edgar,Escobar,Luna,M,2006-04-11,CC,933224136,juan.morales243@ejemplo.test,3094037845,A,,2028-04-05,HOT,05001,Avenida carrera 1ª # 6-9 Este,2026-09-01T02:00:00
00010067,Carmenza,,Caballero,Pineda,F,1978-08-07,CC,999565575,carmenza.herrera248@ejemplo.test,3223201998,A,,2000-08-01,MER,76001,Diagonal 8 Sur # 5-49,2026-09-01T02:00:00
00010068,Edier,Andrés,Osorio,Rodríguez,M,1989-08-13,CC,918798129,edier.tovar250@ejemplo.test,3051843786,A,,2011-08-08,CRE,25286,Avenida Milton Steven Escobar # 4-76 Este,2026-09-01T02:00:00
00010069,Mauricio,Danilo,Mena,Gómez,M,1982-04-21,PPT,948119233,mauricio.vega259@ejemplo.test,3479463243,A,,2004-04-15,CRE,11001,Carrera 161 # 2-53,2026-09-01T02:00:00
00010070,Iván,David,Camacho,Gallego,M,1987-08-16,CC,999904998,iván.bermúdez261@ejemplo.test,3124032130,A,,2009-08-10,HOT,05001,Calle 67 # 9-81 Sur,2026-09-01T02:00:00
00010071,Pablo,Gabriel,Hernández,Rubio,M,1986-07-13,CC,980118110,pablo.olaya265@ejemplo.test,3375761115,A,,2008-07-07,SAL,76001,Carrera 107 # 77C-6,2026-09-01T02:00:00
00010072,María,,Camacho,Romero,F,1989-10-22,CE,937073348,maría.hernández272@ejemplo.test,3452931732,A,,2011-10-17,SUB,25286,Av. Valle del Cauca # 5-4 Sur,2026-09-01T02:00:00
00010073,José,Jairo,Fonseca,Pérez,M,2002-12-04,CC,920432629,josé.guerrero273@ejemplo.test,3138809365,A,,2024-11-28,CRE,11001,Av. Leidy Rodríguez # 99-66,2026-09-01T02:00:00
00010074,Antonio,,Arias,Ardila,M,2000-02-05,CC,988798953,antonio.rodríguez274@ejemplo.test,3338382327,A,,2022-01-30,MER,25286,Av. Julián Juan Rojas # 4-55 Sur,2026-09-01T02:00:00
00010075,Hernando,Jorge,Orjuela,Castro,M,1986-08-23,CC,928663544,hernando.rincón275@ejemplo.test,3062757151,A,,2008-08-17,REC,25286,Calle 9ª # 9-8,2026-09-01T02:00:00
00010076,Lucía,,Delgado,Quintero,F,2000-10-18,CC,990077126,lucía.castro279@ejemplo.test,3180908591,A,,2022-10-13,CRE,05001,Carrera 7ª # 4J-83 Este,2026-09-01T02:00:00
00010077,Liliana,Beatriz,Garzón,Valencia,F,1982-10-26,CE,937585100,liliana.barrera282@ejemplo.test,3139154851,A,,2004-10-20,REC,76001,Av. Ortiz # 6-2 Sur,2026-09-01T02:00:00
00010078,Liseth,Yolanda,Sánchez,Fajardo,F,1998-09-03,CC,923001073,liseth.lópez283@ejemplo.test,3371406236,A,,2020-08-28,MER,05001,Av. Vargas # 2-3 Sur,2026-09-01T02:00:00
00010079,Natalia,,Pinzón,Cuéllar,F,2003-05-11,CC,948862314,natalia.ibarra284@ejemplo.test,3113837820,A,,2025-05-05,VIV,11001,Calle 40 # 64-8 Sur,2026-09-01T02:00:00
00010080,José,Diego,Rodríguez,Torres,M,2002-08-23,CC,944364194,josé.valencia285@ejemplo.test,3299316918,A,,2024-08-17,REC,11001,Avenida Calderón # 7Q-87,2026-09-01T02:00:00
00010081,Hernán,Luis,Hernández,Martínez,M,1946-11-08,CC,980499363,hernán.leal292@ejemplo.test,3084572449,A,,1968-11-02,MER,05001,Carrera 6ª # 68-90,2026-09-01T02:00:00
00010082,Adriana,,Durán,Arboleda,F,1984-09-01,CC,941342348,adriana.herrera295@ejemplo.test,3189053841,A,,2006-08-27,CRE,25286,Av. Betania # 1-92 Sur,2026-09-01T02:00:00
00010083,Luz,,Mejía,Villamil,F,1997-01-04,CE,945019149,luz.garzón298@ejemplo.test,3353337976,A,,2018-12-30,HOT,25754,Cl. 55 Sur # 1-82 Sur,2026-09-01T02:00:00
00010084,Esther,,Ramos,Carmona,F,1992-08-05,CC,953073489,esther.sánchez300@ejemplo.test,3387673110,A,,2014-07-31,REC,11001,Cr. 164C # 2-29 Este,2026-09-01T02:00:00
00010085,Flor,Marta,Pedraza,Parra,F,2002-12-28,CE,916864207,flor.burbano302@ejemplo.test,3156109913,A,,2024-12-22,VIV,05001,Av. calle 170 # 6-19 Este,2026-09-01T02:00:00
00010086,Fernanda,,Arroyo,Galeano,F,1988-03-23,CC,962398989,fernanda.garcía306@ejemplo.test,3413269475,A,,2010-03-18,REC,25754,Calle 86 Bis Z # 5-50 Sur,2026-09-01T02:00:00
00010087,Fernando,,Ramos,Vanegas,M,1999-01-19,CC,916214695,fernando.méndez309@ejemplo.test,3143651758,A,,2021-01-13,CRE,25286,Calle 141 Bis B # 80-18,2026-09-01T02:00:00
00010088,Adela,Yuliana,Castro,Parada,F,1993-01-29,CC,977776709,adela.gonzález312@ejemplo.test,3059645343,A,,2015-01-24,HOT,05001,Av. carrera 1ª # 44-5,2026-09-01T02:00:00
00010089,Eduardo,,Paz,León,M,1969-12-11,CC,995662144,eduardo.serrano316@ejemplo.test,3218875243,A,,1991-12-06,SAL,11001,Transversal 67 # 81-79 Sur,2026-09-01T02:00:00
00010090,Patricia,Juana,Narváez,Sánchez,F,1964-03-10,CC,931666395,patricia.granados317@ejemplo.test,3361610083,A,,1986-03-05,VIV,25286,Cr. 52 # 2B-31 Sur,2026-09-01T02:00:00
00010091,Olga,,Domínguez,Sierra,F,1958-04-29,CC,913983927,olga.giraldo319@ejemplo.test,3092082601,A,,1980-04-23,REC,11001,Avenida Buriticá # 8-73 Sur,2026-09-01T02:00:00
00010092,Jesús,,Gaitán,Fuentes,M,1992-10-29,CC,923497815,jesús.cáceres320@ejemplo.test,3092443604,A,,2014-10-24,SUB,05001,Cr. 124 # 69-71 Sur,2026-09-01T02:00:00
00010093,Beatriz,Lucía,Álvarez,Nieto,F,1959-09-07,CC,957869991,beatriz.bermúdez324@ejemplo.test,3452719885,A,,1981-09-01,HOT,76001,Cl. 55 # 81-1 Este,2026-09-01T02:00:00
00010094,Marcela,,Garzón,Rodríguez,F,1970-08-30,CC,961902849,marcela.mercado325@ejemplo.test,3469797514,A,,1992-08-24,SAL,25286,Cl. 9ª # 9-3 Sur,2026-09-01T02:00:00
00010095,Leidy,Libia,González,Ortiz,F,1954-07-05,CC,940277157,leidy.sánchez332@ejemplo.test,3223844575,A,,1976-06-29,VIV,05001,Carrera 133 # 11V-69,2026-09-01T02:00:00
00010096,Camilo,Arturo,Vega,Suárez,M,1950-09-16,CC,974353795,camilo.toro345@ejemplo.test,3162237951,A,,1972-09-10,EDU,05001,Calle 171 # 39-4,2026-09-01T02:00:00
00010097,Jesús,Julián,Trujillo,Torres,M,1965-03-24,CC,931379713,jesús.gonzález350@ejemplo.test,3478370755,A,,1987-03-19,SUB,11001,Carrera 85 # 33-5 Este,2026-09-01T02:00:00
00010098,Samuel,Iván,Sepúlveda,Pulido,M,1969-04-08,CC,997966127,samuel.osorio352@ejemplo.test,3413575170,A,,1991-04-03,HOT,76001,Carrera 96D # 2-8 Sur,2026-09-01T02:00:00
00010099,Fernando,,Patiño,Silva,M,1979-05-05,CC,956427328,fernando.restrepo354@ejemplo.test,3081874757,A,,2001-04-29,SUB,25754,Cr. 65 # 22-3,2026-09-01T02:00:00
00010100,Jhon,,Pineda,Mejía,M,1953-12-02,CC,919491486,jhon.orjuela357@ejemplo.test,3162501506,A,,1975-11-27,SUB,25286,Diagonal 4I # 7Q-1,2026-09-01T02:00:00
00010101,Marco,,Molina,Rangel,M,1989-11-05,CC,965658894,marco.sánchez359@ejemplo.test,3260345783,A,,2011-10-31,SAL,05001,Avenida carrera 2ª # 9-44 Sur,2026-09-01T02:00:00
00010102,María,María,Bautista,Ayala,F,1964-11-12,CC,976403270,maría.mercado361@ejemplo.test,3244265754,A,,1986-11-07,EDU,76001,Cr. 26 # 4-5 Sur,2026-09-01T02:00:00
00010103,Catalina,Andrea,Castro,Rodríguez,F,1991-08-29,CC,994979365,catalina.sanabria362@ejemplo.test,3459950787,A,,2013-08-23,MER,25286,Dg. 51K Este # 84-4,2026-09-01T02:00:00
00010104,Javier,Maicol,Fuentes,Garcés,M,1996-10-30,CC,959663437,javier.ramírez364@ejemplo.test,3067477803,A,,2018-10-25,CRE,11001,Calle 111Y Bis A # 69-3 Sur,2026-09-01T02:00:00
00010105,Harold,Carlos,Silva,Beltrán,M,1980-04-10,CC,931017651,harold.cuéllar365@ejemplo.test,3227413634,A,,2002-04-05,EDU,05001,Cr. 80 # 77-4,2026-09-01T02:00:00
00010106,Miguel,Juan,Granados,Páez,M,2005-08-29,CC,972485452,miguel.alzate366@ejemplo.test,3281970291,A,,2027-08-24,VIV,05001,Dg. 77 # 93-2 Sur,2026-09-01T02:00:00
00010107,Dolly,María,Ortiz,Jaimes,F,1947-10-23,CC,968118642,dolly.castro370@ejemplo.test,3054161356,A,,1969-10-17,SAL,25286,Avenida carrera 76 # 83-1 Este,2026-09-01T02:00:00
00010108,Edith,Sandra,Garcés,Zapata,F,1981-08-08,CE,981826866,edith.agudelo371@ejemplo.test,3485937807,A,,2003-08-03,SAL,11001,Transversal 130L Bis E # 6-3 Este,2026-09-01T02:00:00
00010109,Gloria,Cecilia,López,Bohórquez,F,1979-12-21,CC,975556590,gloria.barrios372@ejemplo.test,3035931533,A,,2001-12-15,CRE,25754,Cr. 22 # 1V-55 Este,2026-09-01T02:00:00
00010110,Julián,,Fuentes,Cardona,M,1963-05-18,CC,974736604,julián.gómez377@ejemplo.test,3210885383,A,,1985-05-12,HOT,05001,Av. calle 89 # 81-29 Sur,2026-09-01T02:00:00
00010111,Alberto,Cristian,Peña,Díaz,M,1993-08-28,CC,982738719,alberto.mejía378@ejemplo.test,3288762153,A,,2015-08-23,VIV,76001,Carrera 23 # 6-7,2026-09-01T02:00:00
00010112,Patricia,Lucía,Mora,Sánchez,F,1974-02-12,CC,919383507,patricia.benavides379@ejemplo.test,3083890162,A,,1996-02-07,CRE,11001,Cl. 79 # 11-5,2026-09-01T02:00:00
00010113,Armando,,Pineda,Calderón,M,1972-05-02,CC,927071886,armando.molina382@ejemplo.test,3133992293,A,,1994-04-27,REC,05001,Transversal 52 # 5U-29 Este,2026-09-01T02:00:00
00010114,Enrique,,Guerra,Ramos,M,1964-07-31,CC,944820112,enrique.orozco384@ejemplo.test,3149004443,A,,1986-07-26,HOT,76001,Avenida Támesis # 6-8,2026-09-01T02:00:00
00010115,Fabio,Daniel,Delgado,Rodríguez,M,1999-10-07,CC,973980884,fabio.montoya386@ejemplo.test,3077180673,A,,2021-10-01,MER,76001,Calle 3S # 88-62,2026-09-01T02:00:00
00010116,Lina,,Ávila,Zapata,F,1994-10-16,CC,939776447,lina.vásquez389@ejemplo.test,3080329535,A,,2016-10-10,SAL,05001,Calle 16E # 49-1,2026-09-01T02:00:00
00010117,Javier,Alex,Gamboa,Gutiérrez,M,1962-03-17,CC,925394604,javier.portilla391@ejemplo.test,3170335251,A,,1984-03-11,REC,76001,Avenida carrera 107 # 70-4 Sur,2026-09-01T02:00:00
00010118,Camila,,Martínez,Pardo,F,1980-06-14,CC,930122273,camila.mejía394@ejemplo.test,3352823661,A,,2002-06-09,REC,76001,Av. Quintero # 70-1 Sur,2026-09-01T02:00:00
00010119,Luis,,González,Solano,M,1993-11-16,CC,993054500,luis.parra397@ejemplo.test,3439667425,A,,2015-11-11,REC,11001,Transversal 78F # 44-1 Sur,2026-09-01T02:00:00
00010120,Eder,Fernando,Acosta,Hernández,M,1998-10-26,CE,932900764,eder.valencia398@ejemplo.test,3052984028,A,,2020-10-20,VIV,25754,Cl. 10J # 5-76 Sur,2026-09-01T02:00:00
00010121,Katherin,Mariela,Betancur,Gamboa,F,1943-11-16,CC,920468307,katherin.guerrero402@ejemplo.test,3067776714,A,,1965-11-10,REC,05001,Dg. 74 # 3Z-42,2026-09-01T02:00:00
00010122,Patricia,Oliva,García,Forero,F,1967-08-12,CC,917872706,patricia.ortega403@ejemplo.test,3260801978,A,,1989-08-06,SAL,76001,Diagonal 1R # 14-8 Este,2026-09-01T02:00:00
00010123,Eider,,Gutiérrez,Contreras,M,1990-02-12,CC,973009371,eider.figueroa405@ejemplo.test,3284181544,A,,2012-02-07,REC,05001,Cl. 1ª # 81-15,2026-09-01T02:00:00
00010124,Alberto,Jorge,Castaño,Quintero,M,1949-09-05,CC,911927596,alberto.figueroa406@ejemplo.test,3354559875,A,,1971-08-31,EDU,25286,Av. carrera 119 # 53-1 Este,2026-09-01T02:00:00
00010125,Miguel,,Vega,Ojeda,M,1955-02-22,CC,959795909,miguel.soto412@ejemplo.test,3389696154,A,,1977-02-16,MER,25754,Avenida calle 5ª # 6-6 Este,2026-09-01T02:00:00
00010126,Francisco,,Mendoza,Murillo,M,1943-10-11,CE,927998707,francisco.garcía420@ejemplo.test,3394976485,A,,1965-10-05,SAL,11001,Carrera 64 # 8-26 Este,2026-09-01T02:00:00
00010127,Janeth,Isabel,Pérez,Díaz,F,1975-03-10,CC,918094794,janeth.romero422@ejemplo.test,3472715566,A,,1997-03-04,REC,76001,Dg. 161 # 18-6 Sur,2026-09-01T02:00:00
00010128,Rosa,Juliana,Rodríguez,Álvarez,F,1974-02-04,CC,968897462,rosa.lozano424@ejemplo.test,3167656666,A,,1996-01-30,EDU,76001,Cr. 13 # 81-86 Sur,2026-09-01T02:00:00
00010129,Consuelo,,Medina,Hernández,F,1971-07-08,CC,967896176,consuelo.delgado425@ejemplo.test,3261986809,A,,1993-07-02,HOT,11001,Carrera 65 # 6-80 Este,2026-09-01T02:00:00
00010130,Yuri,,Méndez,González,F,1968-10-17,CC,947219144,yuri.bermúdez430@ejemplo.test,3322502372,A,,1990-10-12,SAL,76001,Av. Guaviare # 9-56 Este,2026-09-01T02:00:00
00010131,Ramón,Julio,Bravo,Gutiérrez,M,1978-08-03,CC,929689530,ramón.mosquera435@ejemplo.test,3292359028,A,,2000-07-28,EDU,76001,Avenida calle 9ª # 2D-6 Sur,2026-09-01T02:00:00
00010132,Claudia,Ángela,Castrillón,Pérez,F,1985-10-31,CC,995718504,claudia.gómez441@ejemplo.test,3242784834,A,,2007-10-26,SAL,05001,Carrera 8ª # 9-5 Este,2026-09-01T02:00:00
00010133,María,,García,Zapata,F,2002-04-25,CC,947065100,maría.erazo442@ejemplo.test,3176191826,A,,2024-04-19,REC,25286,Cr. 78 # 4Z-6 Sur,2026-09-01T02:00:00
00010134,Hernando,Cristian,Becerra,Ruiz,M,1991-10-03,CC,956602296,hernando.perea446@ejemplo.test,3084626716,A,,2013-09-27,REC,25754,Cr. 35 # 2-9 Este,2026-09-01T02:00:00
00010135,Alba,,García,Hernández,F,1969-06-05,CC,970844379,alba.prieto450@ejemplo.test,3357770919,A,,1991-05-31,MER,25754,Calle 38K Bis X # 5-60 Este,2026-09-01T02:00:00
00010136,Luz,,Mendoza,Valencia,F,1975-11-07,CC,916351001,luz.córdoba451@ejemplo.test,3059186080,A,,1997-11-01,MER,25286,Diagonal 2Y # 7-31 Este,2026-09-01T02:00:00
00010137,Beatriz,Heidy,Cortés,Cortés,F,1942-04-19,CC,967556329,beatriz.gómez454@ejemplo.test,3346282950,A,,1964-04-13,VIV,25286,Calle 7ª # 5-24,2026-09-01T02:00:00
00010138,Pablo,Carlos,Mejía,López,M,1997-04-07,CC,930375960,pablo.lópez455@ejemplo.test,3122549654,A,,2019-04-02,HOT,76001,Cl. 8ª # 3-23 Este,2026-09-01T02:00:00
00010139,Linda,Elena,Pérez,Gómez,F,1957-09-18,CC,954387102,linda.torres458@ejemplo.test,3491403136,A,,1979-09-13,SAL,25286,Tr. 19 # 81-4,2026-09-01T02:00:00
00010140,David,José,Cuéllar,Mendoza,M,1980-09-17,CC,950083419,david.bejarano460@ejemplo.test,3346674204,A,,2002-09-12,SUB,76001,Dg. 71 # 94-8,2026-09-01T02:00:00
00010141,Mayra,María,Pacheco,Salamanca,F,1968-09-16,CE,927351753,mayra.duque461@ejemplo.test,3033848756,A,,1990-09-11,EDU,25286,Calle 16 # 97Q-6,2026-09-01T02:00:00
00010142,Mauricio,Elías,Martínez,Andrade,M,2007-07-27,CC,961793689,mauricio.lozano464@ejemplo.test,3130356077,A,,2029-07-21,VIV,76001,Cr. 98 # 16-50,2026-09-01T02:00:00
00010143,Juan,Alonso,Salas,Lozano,M,1955-10-29,CC,981293174,juan.toro466@ejemplo.test,3252751312,A,,1977-10-23,VIV,05001,Cr. 30 # 9-51 Sur,2026-09-01T02:00:00
00010144,Erika,Diana,Bohórquez,Gómez,F,1967-02-05,CC,985138734,erika.galvis467@ejemplo.test,3221879533,A,,1989-01-30,HOT,05001,Dg. 114 # 72-6,2026-09-01T02:00:00
00010145,Jean,Alfonso,Acosta,Escobar,M,1975-10-20,CC,927856331,jean.meneses468@ejemplo.test,3068986734,A,,1997-10-14,MER,76001,Cr. 12 Bis R # 74N-31,2026-09-01T02:00:00
00010146,Luz,Enith,Bermúdez,Valencia,F,1955-03-24,CC,965637029,luz.espinosa469@ejemplo.test,3412281053,A,,1977-03-18,SAL,25286,Cl. 171E # 13-6 Este,2026-09-01T02:00:00
00010147,Johana,,Márquez,Buitrago,F,1999-01-05,CC,916303450,johana.cortés471@ejemplo.test,3166149224,A,,2020-12-30,HOT,76001,Carrera 78 # 35-5 Sur,2026-09-01T02:00:00
00010148,Miguel,Arley,Gutiérrez,González,M,2007-11-24,CC,981490824,miguel.narváez476@ejemplo.test,3291126424,A,,2029-11-18,HOT,25754,Avenida carrera 16 # 28-89,2026-09-01T02:00:00
00010149,William,,Moreno,Rodríguez,M,1945-10-01,CC,919731686,william.torres489@ejemplo.test,3032880955,A,,1967-09-26,VIV,25754,Carrera 171 # 8-82 Este,2026-09-01T02:00:00
00010150,Cecilia,Vanessa,Caro,Montoya,F,1975-11-15,CC,965268660,cecilia.narváez492@ejemplo.test,3382283560,A,,1997-11-09,CRE,05001,Cl. 54V # 76-5,2026-09-01T02:00:00
00010151,Paola,Carol,Giraldo,Salamanca,F,1963-03-21,CC,970235445,paola.valencia493@ejemplo.test,3012155882,A,,1985-03-15,HOT,25754,Avenida Putumayo # 6J-55 Este,2026-09-01T02:00:00
00010152,David,Estiven,Vélez,Sánchez,M,1991-10-13,CC,998232136,david.arteaga494@ejemplo.test,3298433903,A,,2013-10-07,EDU,25754,Tr. 150 Bis M # 6-4 Sur,2026-09-01T02:00:00
00010153,Joel,Sebastián,Durán,Mosquera,M,1986-09-30,CC,944527784,joel.calderón497@ejemplo.test,3077582126,A,,2008-09-24,MER,76001,Dg. 49 # 6-6 Sur,2026-09-01T02:00:00
00010154,Johnny,Raúl,Vásquez,Camacho,M,1973-04-28,CC,935234689,johnny.sánchez503@ejemplo.test,3232636203,A,,1995-04-23,SAL,25754,Calle 57X # 22-9 Sur,2026-09-01T02:00:00
00010155,Wilson,David,Murillo,Marín,M,1997-09-06,CC,943900160,wilson.bonilla505@ejemplo.test,3261187996,A,,2019-09-01,SUB,11001,Avenida Atlántico # 2-4 Este,2026-09-01T02:00:00
00010156,Eduardo,,Romero,Ojeda,M,1950-06-18,CC,956844650,eduardo.orozco506@ejemplo.test,3095263449,A,,1972-06-12,HOT,25754,Cr. 40 # 6G-8 Este,2026-09-01T02:00:00
00010157,Angie,,Pineda,Arroyo,F,1949-07-30,CC,929078396,angie.velasco507@ejemplo.test,3456969501,A,,1971-07-25,MER,25286,Dg. 5ª # 15-3 Este,2026-09-01T02:00:00
00010158,Óscar,,Moreno,López,M,1956-07-24,CC,951147301,óscar.flórez509@ejemplo.test,3456763504,A,,1978-07-19,HOT,11001,Transversal 104 # 3-2,2026-09-01T02:00:00
00010159,Mayra,Paola,Calderón,Bedoya,F,2008-03-10,CC,966618573,mayra.velasco516@ejemplo.test,3477697824,A,,2030-03-05,EDU,11001,Cr. 3Q # 30-6 Sur,2026-09-01T02:00:00
00010160,Agustín,Daniel,Andrade,Sánchez,M,1958-01-12,CC,973371139,agustín.morales527@ejemplo.test,3395880774,A,,1980-01-07,MER,11001,Avenida Guainía # 9C-9,2026-09-01T02:00:00
00010161,Gabriela,,Ramírez,Vega,F,1985-06-12,CC,921206374,gabriela.prada531@ejemplo.test,3413141217,A,,2007-06-07,SUB,76001,Cl. 74 # 2Q-5 Este,2026-09-01T02:00:00
00010162,Diana,,Peña,Gutiérrez,F,2005-03-11,CC,986360759,diana.gonzález533@ejemplo.test,3435369587,A,,2027-03-06,REC,25754,Cl. 164 # 4-3 Sur,2026-09-01T02:00:00
00010163,Tulia,Ingrid,Calderón,Hurtado,F,1948-06-28,PAS,998983687,tulia.soto535@ejemplo.test,3480236330,A,,1970-06-23,HOT,25286,Carrera 114 Sur # 19-4,2026-09-01T02:00:00
00010164,Dora,,Mesa,Pérez,F,1966-06-19,CC,930012610,dora.martínez536@ejemplo.test,3253440676,A,,1988-06-13,SUB,25754,Cl. 7C # 5Z-7 Sur,2026-09-01T02:00:00
00010165,Gloria,,Morales,Quintero,F,1990-09-26,CC,913429724,gloria.leal538@ejemplo.test,3092884615,A,,2012-09-20,VIV,05001,Carrera 25Q Bis # 4M-67 Este,2026-09-01T02:00:00
00010166,Humberto,Jesús,Caicedo,Flórez,M,2005-06-09,PAS,944141029,humberto.hernández544@ejemplo.test,3250687667,A,,2027-06-04,SAL,25754,Cr. 35 # 6-64,2026-09-01T02:00:00
00010167,Margarita,,Gómez,Cardona,F,1956-05-14,CC,955292427,margarita.garcía545@ejemplo.test,3450718973,A,,1978-05-09,CRE,76001,Diagonal 38 # 8-1 Este,2026-09-01T02:00:00
00010168,Manuel,,Valencia,Obando,M,1978-12-13,CC,985654415,manuel.garcía546@ejemplo.test,3327423822,A,,2000-12-07,CRE,76001,Avenida calle 116 # 34E-20 Sur,2026-09-01T02:00:00
00010169,Marlén,,Serrano,Espinosa,F,2005-06-09,CC,968176961,marlén.ortega547@ejemplo.test,3036121670,A,,2027-06-04,VIV,11001,Calle 80 # 4K-93 Este,2026-09-01T02:00:00
00010170,María,Sandra,Franco,Castillo,F,2000-04-02,CC,989316276,maría.arias550@ejemplo.test,3250449996,A,,2022-03-28,EDU,25754,Tr. 5 Bis T # 9-9 Este,2026-09-01T02:00:00
00010171,Julián,,Ríos,León,M,1985-09-18,CC,917855771,julián.giraldo552@ejemplo.test,3386572327,A,,2007-09-13,CRE,25754,Cr. 55 # 72-3,2026-09-01T02:00:00
00010172,David,Alberto,Santos,Vargas,M,1997-09-29,CC,910839544,david.trujillo557@ejemplo.test,3183010496,A,,2019-09-24,EDU,76001,Carrera 3ª # 6-13,2026-09-01T02:00:00
00010173,Carlos,Alejandro,Moreno,Martínez,M,2007-01-27,CC,930075796,carlos.hernández558@ejemplo.test,3360756256,A,,2029-01-21,MER,05001,Calle 38 # 71A-9,2026-09-01T02:00:00
00010174,Luz,Martha,Prieto,Cano,F,1997-12-05,CC,965297453,luz.martínez561@ejemplo.test,3383532952,A,,2019-11-30,EDU,11001,Calle 88 # 38E-7,2026-09-01T02:00:00
00010175,Helena,Alejandra,Rincón,Pérez,F,1992-08-14,CE,931058160,helena.acosta563@ejemplo.test,3444331945,A,,2014-08-09,EDU,11001,Carrera 77 # 44-99 Este,2026-09-01T02:00:00
00010176,Jhon,Omar,Forero,Restrepo,M,1993-02-28,CC,991117549,jhon.rivera564@ejemplo.test,3295348836,A,,2015-02-23,HOT,76001,Cl. 147 # 22-34,2026-09-01T02:00:00
00010177,Mauricio,Armando,Rodríguez,Pacheco,M,1949-06-27,CC,959056653,mauricio.toro565@ejemplo.test,3328210828,A,,1971-06-22,SUB,25286,Transversal 109 # 5-6 Sur,2026-09-01T02:00:00
00010178,Amelia,,Castro,Ochoa,F,1969-03-23,CC,910232745,amelia.castillo568@ejemplo.test,3334563962,A,,1991-03-18,SUB,25286,Calle 112 # 7-3 Sur,2026-09-01T02:00:00
00010179,William,Víctor,Ríos,Angulo,M,1967-07-06,CC,973183347,william.quintero569@ejemplo.test,3438375769,A,,1989-06-30,REC,25754,Cl. 9ª # 8B-7,2026-09-01T02:00:00
00010180,Andrés,Gustavo,Gutiérrez,Martínez,M,1960-08-15,CC,978930496,andrés.lópez572@ejemplo.test,3162642841,A,,1982-08-10,EDU,25286,Carrera 154 # 9-5,2026-09-01T02:00:00
00010181,Miguel,,Galindo,Pérez,M,1961-06-24,CC,939347688,miguel.mora573@ejemplo.test,3170171581,A,,1983-06-19,SUB,76001,Cr. 47 # 28N-63 Este,2026-09-01T02:00:00
00010182,Sofía,Magaly,Fernández,Jiménez,F,1986-09-17,CC,916703831,sofía.morales577@ejemplo.test,3050002062,A,,2008-09-11,VIV,25754,Calle 50 # 5-3 Sur,2026-09-01T02:00:00
00010183,Humberto,,Cárdenas,Mosquera,M,2001-05-16,CC,957519325,humberto.jiménez578@ejemplo.test,3047880668,A,,2023-05-11,MER,11001,Calle 4ª # 5-9 Este,2026-09-01T02:00:00
00010184,Jeison,Felipe,Trujillo,Rodríguez,M,2003-02-26,CC,994011708,jeison.fernández586@ejemplo.test,3425983073,A,,2025-02-20,CRE,05001,Cr. 92B # 81-3 Sur,2026-09-01T02:00:00
00010185,Alberto,Andrés,Muñoz,Caicedo,M,1984-07-20,PAS,947421671,alberto.hurtado587@ejemplo.test,3034361876,A,,2006-07-15,SUB,11001,Diagonal 177 # 7-34,2026-09-01T02:00:00
00010186,Ángela,,Valencia,Anaya,F,1964-10-12,CC,927555328,ángela.giraldo588@ejemplo.test,3271471489,A,,1986-10-07,MER,76001,Calle 91 # 7Y-6,2026-09-01T02:00:00
00010187,Marcela,Ana,García,Granados,F,1999-08-09,CC,954289116,marcela.alfonso593@ejemplo.test,3120181141,A,,2021-08-03,SAL,25286,Av. Lozano # 70-3 Este,2026-09-01T02:00:00
00010188,Myriam,,Ortiz,Figueroa,F,1986-08-28,CC,974197929,myriam.delgado596@ejemplo.test,3211029493,A,,2008-08-22,SAL,11001,Carrera 9G # 84S-3 Este,2026-09-01T02:00:00
00010189,Janeth,Diana,Serrano,Roa,F,1980-11-17,CC,991571849,janeth.vergara597@ejemplo.test,3319251147,A,,2002-11-12,VIV,11001,Cr. 51 # 29-7,2026-09-01T02:00:00
00010190,Cristian,Alfredo,Trujillo,Gómez,M,1944-07-21,CC,931598916,cristian.saavedra603@ejemplo.test,3293662853,A,,1966-07-16,SAL,05001,Cl. 66 # 1-2 Este,2026-09-01T02:00:00
00010191,Julieth,Luz,Muñoz,Guzmán,F,1997-08-20,CC,935320118,julieth.rodríguez604@ejemplo.test,3136839395,A,,2019-08-15,SAL,25286,Cr. 86 # 79-48 Sur,2026-09-01T02:00:00
00010192,Raquel,Fanny,López,Hurtado,F,1991-04-26,CC,999960810,raquel.fajardo608@ejemplo.test,3222017165,A,,2013-04-20,CRE,76001,Avenida Panqueba # 2H-62 Este,2026-09-01T02:00:00
00010193,Paola,Astrid,Martínez,Pineda,F,1961-03-19,CC,913911052,paola.lópez609@ejemplo.test,3116082176,A,,1983-03-14,VIV,11001,Cr. 155 # 32-59 Sur,2026-09-01T02:00:00
00010194,Manuel,,Rivera,Jaramillo,M,2002-08-06,CC,913502804,manuel.cardona611@ejemplo.test,3353951456,A,,2024-07-31,HOT,25754,Avenida Cauca # 1-7 Sur,2026-09-01T02:00:00
00010195,José,,Ruiz,Cardona,M,1989-05-18,CC,957489096,josé.gil612@ejemplo.test,3156250111,A,,2011-05-13,VIV,25286,Diagonal 2P # 3-15 Este,2026-09-01T02:00:00
00010196,Arley,Mauricio,Perea,Rincón,M,1945-02-18,CE,929566634,arley.gil613@ejemplo.test,3434744833,A,,1967-02-13,MER,11001,Avenida calle 8ª # 61-7,2026-09-01T02:00:00
00010197,Alejandro,,Melo,Rodríguez,M,1993-12-10,PAS,947865107,alejandro.ángel615@ejemplo.test,3199505036,A,,2015-12-05,HOT,05001,Carrera 9ª # 6-5 Sur,2026-09-01T02:00:00
00010198,Samir,Fernando,Ríos,Mendoza,M,1980-06-19,CC,985110804,samir.gonzález617@ejemplo.test,3490901500,A,,2002-06-14,MER,11001,Cr. 24 # 91-56 Sur,2026-09-01T02:00:00
00010199,Enrique,,Ramírez,Ruiz,M,1995-01-01,CC,984600636,enrique.ávila620@ejemplo.test,3478821021,A,,2016-12-26,HOT,25754,Cl. 80 # 5-70,2026-09-01T02:00:00
00010200,Esneider,,Hernández,Rincón,M,1972-01-06,PPT,914082862,esneider.rentería622@ejemplo.test,3377829903,A,,1993-12-31,SUB,76001,Diagonal 46B # 4-79,2026-09-01T02:00:00
00010201,Danilo,,Valderrama,Hernández,M,1993-04-12,CC,978963708,danilo.osorio629@ejemplo.test,3056474019,A,,2015-04-07,REC,76001,Transversal 1ª # 45-33 Este,2026-09-01T02:00:00
00010202,Alexandra,Adriana,Angarita,Jiménez,F,1972-12-06,CC,930997090,alexandra.serrano630@ejemplo.test,3412215241,A,,1994-12-01,SUB,05001,Carrera 87 # 32-35,2026-09-01T02:00:00
00010203,Mirian,Gabriela,Rodríguez,Vélez,F,1951-08-02,CC,938433067,mirian.gómez632@ejemplo.test,3362264528,A,,1973-07-27,SUB,25754,Dg. 19 # 77S-1 Este,2026-09-01T02:00:00
00010204,Yina,Ingrid,González,Jiménez,F,1991-10-16,CC,914446612,yina.figueroa634@ejemplo.test,3286135449,A,,2013-10-10,VIV,76001,Cl. 142 # 3-3 Este,2026-09-01T02:00:00
00010205,Luz,Rosa,Restrepo,Paz,F,1992-07-04,CC,988334063,luz.vásquez636@ejemplo.test,3312790334,A,,2014-06-29,SAL,76001,Cl. 92 # 4-40,2026-09-01T02:00:00
00010206,Jorge,Gustavo,Sandoval,González,M,1991-06-03,PAS,930569633,jorge.bolaños642@ejemplo.test,3373447610,A,,2013-05-28,SAL,11001,Dg. 81 # 6-7,2026-09-01T02:00:00
00010207,Iván,Armando,Mejía,Martínez,M,2003-01-12,CC,972172412,iván.cárdenas643@ejemplo.test,3417848922,A,,2025-01-06,EDU,11001,Cr. 31 # 84I-4,2026-09-01T02:00:00
00010208,María,Isabel,Caro,Calderón,F,1954-12-06,CC,968214016,maría.díaz644@ejemplo.test,3091204962,A,,1976-11-30,SAL,25286,Calle 23 # 2S-1 Este,2026-09-01T02:00:00
00010209,Lucero,Blanca,Ortiz,Chávez,F,1981-01-12,CC,958946240,lucero.solano647@ejemplo.test,3088386508,A,,2003-01-07,MER,25286,Calle 6ª # 16-25 Sur,2026-09-01T02:00:00
00010210,Tatiana,María,Gómez,Restrepo,F,1977-08-15,PPT,975071678,tatiana.cuesta649@ejemplo.test,3410201942,A,,1999-08-10,SAL,25754,Avenida Risaralda # 9-63 Sur,2026-09-01T02:00:00
00010211,Luz,Janeth,Naranjo,Ortiz,F,2001-04-05,CC,961175498,luz.suárez651@ejemplo.test,3317188625,A,,2023-03-31,CRE,25754,Cl. 91 # 89O-61 Este,2026-09-01T02:00:00
00010212,Óscar,,Ardila,Vergara,M,1992-06-15,CC,972328078,óscar.arias652@ejemplo.test,3339339582,A,,2014-06-10,SUB,76001,Calle 29 # 41J-5,2026-09-01T02:00:00
00010213,Rocío,,Ariza,Hernández,F,1977-04-06,CC,974000680,rocío.gonzález654@ejemplo.test,3299731717,A,,1999-04-01,REC,25754,Avenida calle 3ª # 21A-14,2026-09-01T02:00:00
00010214,Alexis,,Pardo,Betancur,M,2005-07-03,CC,998546071,alexis.ospina660@ejemplo.test,3236761824,A,,2027-06-28,EDU,25754,Cl. 90G # 8-7 Este,2026-09-01T02:00:00
00010215,Daniel,,Cortés,Sánchez,M,1971-06-06,CC,978741512,daniel.castillo661@ejemplo.test,3134896974,A,,1993-05-31,CRE,05001,Cr. 23 # 3R-4 Sur,2026-09-01T02:00:00
00010216,Manuela,Nubia,Gutiérrez,Guerra,F,1996-02-23,CC,967527422,manuela.silva664@ejemplo.test,3459456845,A,,2018-02-17,SAL,25286,Av. carrera 168 # 97-48 Este,2026-09-01T02:00:00
00010217,Santiago,Hernán,Durán,Gil,M,1954-09-15,CC,918200360,santiago.ordóñez665@ejemplo.test,3198827987,A,,1976-09-09,REC,25754,Carrera 5O # 44-6 Este,2026-09-01T02:00:00
00010218,Sandra,Enith,Pérez,Rendón,F,1960-02-01,CC,987385419,sandra.pérez671@ejemplo.test,3321625448,A,,1982-01-26,VIV,25754,Cr. 142 # 73O-30 Sur,2026-09-01T02:00:00
00010219,José,,Caro,Hurtado,M,1971-11-03,CC,950313313,josé.gonzález673@ejemplo.test,3279885826,A,,1993-10-28,VIV,05001,Calle 141F Este # 4-68 Este,2026-09-01T02:00:00
00010220,Julio,Fabián,Ávila,Muñoz,M,1950-10-05,CC,936938224,julio.suárez680@ejemplo.test,3098343675,A,,1972-09-29,SUB,76001,Cr. 5ª # 7-11,2026-09-01T02:00:00
00010221,Camilo,Edgar,Pérez,Ardila,M,1951-10-21,CC,924475277,camilo.lópez681@ejemplo.test,3389181844,A,,1973-10-15,VIV,25754,Cl. 70 # 9-7,2026-09-01T02:00:00
00010222,Alfonso,Josué,Arango,Hoyos,M,1986-06-05,CC,934743844,alfonso.rodríguez683@ejemplo.test,3395770344,A,,2008-05-30,VIV,76001,Cl. 24N # 9-33 Sur,2026-09-01T02:00:00
00010223,Mirian,Mercedes,Flórez,Pérez,F,1950-01-29,CC,994255671,mirian.ortiz687@ejemplo.test,3445029270,A,,1972-01-24,CRE,25754,Calle 47P # 8T-77 Este,2026-09-01T02:00:00
00010224,José,Jhoan,Caicedo,Alfonso,M,1990-05-19,CC,948288486,josé.cortés688@ejemplo.test,3035947701,A,,2012-05-13,SAL,25754,Avenida calle 55 # 3-6 Sur,2026-09-01T02:00:00
00010225,Enrique,William,Martínez,Mesa,M,1951-06-04,CC,980544800,enrique.vargas691@ejemplo.test,3157863448,A,,1973-05-29,MER,25754,Carrera 168K # 74R-4 Sur,2026-09-01T02:00:00
00010226,Patricia,,Mora,Rojas,F,1945-05-22,CC,912236070,patricia.ávila697@ejemplo.test,3013174394,A,,1967-05-17,HOT,25286,Avenida calle 190 # 8-3 Este,2026-09-01T02:00:00
00010227,Enrique,José,Ramírez,Vargas,M,1960-06-27,CC,926181888,enrique.gonzález700@ejemplo.test,3119480891,A,,1982-06-22,REC,25286,Avenida calle 3ª # 1-79 Este,2026-09-01T02:00:00
00010228,Edwin,,Blanco,Gutiérrez,M,1959-07-04,PAS,954985185,edwin.vargas701@ejemplo.test,3054856832,A,,1981-06-28,VIV,25754,Tr. 2I # 2C-86 Sur,2026-09-01T02:00:00
00010229,Angie,,Camargo,Martínez,F,1979-03-19,CE,947863531,angie.suárez707@ejemplo.test,3271870537,A,,2001-03-13,SUB,76001,Tr. 171W Sur # 22W-3 Este,2026-09-01T02:00:00
00010230,Marina,,Chávez,Hernández,F,1970-08-03,CC,986135369,marina.páez711@ejemplo.test,3416703849,A,,1992-07-28,SUB,25286,Cl. 2S # 49-5 Este,2026-09-01T02:00:00
00010231,Johana,María,Córdoba,Fajardo,F,1989-12-05,PPT,989117546,johana.campo722@ejemplo.test,3055127640,A,,2011-11-30,REC,05001,Cr. 143B # 5-5,2026-09-01T02:00:00
00010232,Eduardo,,Escobar,Arias,M,1986-11-02,CC,917216157,eduardo.pinzón723@ejemplo.test,3061345387,A,,2008-10-27,HOT,76001,Diagonal 87 # 39-96,2026-09-01T02:00:00
00010233,Eliecer,Germán,Lozano,Cruz,M,1956-03-27,CC,919803786,eliecer.loaiza727@ejemplo.test,3098095525,A,,1978-03-22,MER,25286,Cr. 88 # 82-32 Sur,2026-09-01T02:00:00
00010234,María,Jenny,Díaz,Castellanos,F,1949-07-08,CC,912126439,maría.maldonado738@ejemplo.test,3283391457,A,,1971-07-03,SAL,11001,Tr. 46 # 4O-1,2026-09-01T02:00:00
00010235,Wendy,Marcela,Patiño,Calderón,F,1980-11-02,CC,994851989,wendy.contreras740@ejemplo.test,3474794519,A,,2002-10-28,CRE,25754,Calle 97 # 8-63,2026-09-01T02:00:00
00010236,Luz,,Villamil,Morales,F,1961-07-28,CC,939341217,luz.galindo742@ejemplo.test,3387718551,A,,1983-07-23,SAL,11001,Cr. 84 # 3-2 Este,2026-09-01T02:00:00
00010237,Ramón,Eduar,Torres,Ospino,M,1970-11-13,CC,957069214,ramón.bernal747@ejemplo.test,3180599237,A,,1992-11-07,EDU,25286,Cr. 1I Bis F # 6-91,2026-09-01T02:00:00
00010238,Mario,Alberto,Bolaños,Calderón,M,2008-02-11,CC,923572147,mario.velandia748@ejemplo.test,3288773239,A,,2030-02-05,EDU,25286,Av. Gerardo Jairo Pabón Galvis # 45-85 Este,2026-09-01T02:00:00
00010239,Beatriz,Claudia,Puentes,López,F,1950-12-25,CC,966204375,beatriz.hernández750@ejemplo.test,3222766999,A,,1972-12-19,MER,25286,Cr. 8O Bis # 6-8 Este,2026-09-01T02:00:00
00010240,Yohana,,Castillo,López,F,2001-01-03,CC,955086402,yohana.pérez755@ejemplo.test,3151477679,A,,2022-12-29,SUB,25286,Cl. 80 # 1Z-35 Este,2026-09-01T02:00:00
00010241,Olga,,Cárdenas,Acosta,F,2006-02-22,CC,922652095,olga.triana756@ejemplo.test,3247237488,A,,2028-02-17,CRE,05001,Cr. 44U # 2-6 Este,2026-09-01T02:00:00
00010242,Andrea,,Mejía,Estrada,F,1973-11-04,CC,911082502,andrea.ortiz757@ejemplo.test,3414707169,A,,1995-10-30,SUB,25286,Transversal 22 # 95-5,2026-09-01T02:00:00
00010243,David,José,Zapata,Angulo,M,1981-03-09,PPT,947661290,david.molina759@ejemplo.test,3168169219,A,,2003-03-04,EDU,11001,Tr. 17 # 96-4,2026-09-01T02:00:00
00010244,Andrea,Omaira,Herrera,Santos,F,1949-04-08,CC,965865409,andrea.molina762@ejemplo.test,3062844204,A,,1971-04-03,MER,25286,Av. Castro # 4-33,2026-09-01T02:00:00
00010245,Pilar,,Rangel,Rojas,F,2000-10-11,CC,993807724,pilar.martínez763@ejemplo.test,3422673175,A,,2022-10-06,SAL,76001,Transversal 7ª # 8-1 Este,2026-09-01T02:00:00
00010246,Rosa,Inés,Posada,Guevara,F,1974-05-31,CC,986434158,rosa.ocampo764@ejemplo.test,3242323662,A,,1996-05-25,REC,05001,Transversal 33 # 5-66,2026-09-01T02:00:00
00010247,Alexander,Jonathan,Martínez,Guerrero,M,1958-05-10,PAS,952248086,alexander.aguirre767@ejemplo.test,3313312575,A,,1980-05-04,HOT,11001,Avenida Arias # 51-8 Sur,2026-09-01T02:00:00
00010248,Francisco,,Ballesteros,Córdoba,M,1983-02-23,PAS,918087234,francisco.quiroz773@ejemplo.test,3199872051,A,,2005-02-17,EDU,76001,Calle 95X # 16-3,2026-09-01T02:00:00
00010249,Diego,Jhon,Montoya,Rico,M,1996-12-03,CC,997972146,diego.lópez774@ejemplo.test,3291715580,A,,2018-11-28,HOT,76001,Av. calle 9ª # 5M-41 Sur,2026-09-01T02:00:00
00010250,Alejandro,Enrique,Ocampo,Ramos,M,1993-03-11,CC,916369842,alejandro.martínez777@ejemplo.test,3318531493,A,,2015-03-06,HOT,11001,Av. Ramos # 81-95 Sur,2026-09-01T02:00:00
00010251,Elizabeth,,Vargas,Moreno,F,1984-04-20,CC,962251108,elizabeth.vélez778@ejemplo.test,3015222135,A,,2006-04-15,SAL,05001,Calle 30K # 57R-27,2026-09-01T02:00:00
00010252,Bernardo,David,Ramírez,Pineda,M,1945-04-21,CC,963859149,bernardo.garcía781@ejemplo.test,3085981424,A,,1967-04-16,MER,05001,Carrera 77 # 26-8 Este,2026-09-01T02:00:00
00010253,Jaime,,Pedraza,Gómez,M,2006-02-27,CC,910814611,jaime.arrieta784@ejemplo.test,3072212450,A,,2028-02-22,VIV,05001,Av. Pérez # 64-99 Sur,2026-09-01T02:00:00
00010254,Juan,Javier,Díaz,Castro,M,1957-02-03,CC,926415143,juan.obando787@ejemplo.test,3048976432,A,,1979-01-29,SUB,11001,Av. calle 6ª # 12-3 Este,2026-09-01T02:00:00
00010255,Miguel,Gustavo,Burbano,López,M,1959-10-26,CC,972550429,miguel.garcía789@ejemplo.test,3395951530,A,,1981-10-20,VIV,76001,Av. carrera 120 # 7-11,2026-09-01T02:00:00
00010256,Benjamín,,Sierra,Ojeda,M,1998-03-07,CC,927724864,benjamín.fuentes791@ejemplo.test,3466158741,A,,2020-03-01,SUB,25286,Cr. 36 # 24-5,2026-09-01T02:00:00
00010257,Katerine,Johanna,Díaz,Rodríguez,F,2008-08-06,CC,953660293,katerine.rincón793@ejemplo.test,3350301009,A,,2030-08-01,CRE,05001,Avenida Barbacoas # 7-8 Este,2026-09-01T02:00:00
00010258,Estela,Erika,Camargo,García,F,1964-09-20,CC,960725160,estela.niño795@ejemplo.test,3280871557,A,,1986-09-15,SAL,25754,Cl. 43 # 1-8 Sur,2026-09-01T02:00:00
00010259,Manuel,Óscar,Arboleda,Becerra,M,1973-12-09,CC,983945264,manuel.moreno796@ejemplo.test,3384882296,A,,1995-12-04,HOT,25286,Avenida carrera 100 # 8P-57 Sur,2026-09-01T02:00:00
00010260,Victoria,Carolina,Vargas,Bastidas,F,1979-08-11,CC,969956857,victoria.quintero798@ejemplo.test,3421783952,A,,2001-08-05,REC,25286,Dg. 194 # 5-15,2026-09-01T02:00:00
00010261,Norbey,Fabio,Gómez,Medina,M,1961-02-06,CE,981112909,norbey.garcía799@ejemplo.test,3371849400,A,,1983-02-01,SUB,25754,Av. Gutiérrez # 56-4,2026-09-01T02:00:00
00010262,Estiven,Alfonso,Morales,Rentería,M,2006-02-20,CC,991867946,estiven.cantillo8@ejemplo.test,3425596212,A,,2028-02-15,SAL,76001,Carrera 93T Bis D # 82-39 Este,2026-09-01T02:00:00
00010263,Miller,César,Córdoba,Flórez,M,1994-11-12,CC,961211629,miller.caballero11@ejemplo.test,3182315317,T,DEATH,2016-11-06,SUB,76001,Avenida calle 133 # 66-92,2026-09-01T02:00:00
